Gender,GivenName,Surname,StreetAddress,City,State,StateFull,ZipCode,Country,CountryFull
male,Harvey,Hall,10 Sea Road,LAMPLUGH,,,CA14 8XB,GB,United Kingdom
female,Mollie,Baker,98 Bury Rd,HAM,,,CT14 7WF,GB,United Kingdom
male,Noah,Robertson,45 Wood Lane,BAGSHOT,,,RG17 1EZ,GB,United Kingdom
female,Mollie,Hunter,85 Prince Consort Road,KEMERTON,,,GL20 2QP,GB,United Kingdom
female,Elise,Hanson,71 Scrimshire Lane,ATHLINNE,,,HS2 3YA,GB,United Kingdom
female,Matilda,Johnston,59 St Andrews Lane,CWM-BACH,,,CF44 7SA,GB,United Kingdom
female,Sarah,Carter,5 Ash Lane,YARROW,,,TD7 9PG,GB,United Kingdom
male,Robert,Whittaker,43 New Dover Rd,WALSGRAVE ON SOWE,,,CV2 0HP,GB,United Kingdom
male,Aaron,Birch,15 Souterhead Road,LOW BALLIVAIN,,,PA28 1PE,GB,United Kingdom
female,Paige,Nolan,68 Botley Road,MIDDLE MILL,,,SA62 8LN,GB,United Kingdom
female,Jessica,Hayward,13 Shannon Way,CHIPPING CAMPDEN,,,GL55 2LY,GB,United Kingdom
female,Louise,Cameron,43 Temple Way,WINTERSHILL,,,SO32 0BP,GB,United Kingdom
female,Megan,Harrison,44 Spilman Street,GORSEINON,,,SA4 4QJ,GB,United Kingdom
female,Elizabeth,Sharpe,77 Malcolm Rd,LLANGEINOR,,,CF32 6GZ,GB,United Kingdom
female,Abigail,Duffy,75 Copthorne Way,CALLERTON LANE END,,,NE5 2LU,GB,United Kingdom
male,Harvey,Brown,73 Farburn Terrace,LITTLE HUCKLOW,,,SK17 4DE,GB,United Kingdom
female,Amy,McCarthy,13 Fordham Rd,HALCRO,,,KW1 5AJ,GB,United Kingdom
female,Holly,Parker,76 Bootham Crescent,RIPLEY,,,HG3 1PE,GB,United Kingdom
female,Ava,Wallis,20 Layburn Court,TRADESPARK,,,IV12 1NE,GB,United Kingdom
female,Mia,Rahman,28 Abbey Row,NORTON MALREWARD,,,BS18 5HZ,GB,United Kingdom
male,Luke,Wilson,79 Pendwyallt Road,BURNISTON,,,YO13 6SL,GB,United Kingdom
male,Taylor,Holland,13 Haslemere Road,EATON,,,CW6 7QE,GB,United Kingdom
male,Ewan,Hanson,61 St Denys Road,PORTSKEWETT,,,NP6 8ZD,GB,United Kingdom
female,Lauren,Morgan,75 Sutton Wick Lane,BRIDGTOWN,,,WS11 3FT,GB,United Kingdom
male,Scott,Price,73 Foregate Street,COCKPOLE GREEN,,,RG10 2SA,GB,United Kingdom
male,Isaac,Chambers,92 Abingdon Road,BRANSFORD,,,WR6 9PD,GB,United Kingdom
female,Alice,Sharpe,34 Fosse Way,ARDELVE,,,IV40 7PD,GB,United Kingdom
male,Joseph,Ward,96 St Maurices Road,PRESTWICK,,,KA9 5GF,GB,United Kingdom
female,Ruby,Douglas,62 Middlewich Road,FLAXBY,,,HG5 9PG,GB,United Kingdom
female,Elizabeth,Leonard,88 Princes Street,ROLLESTON,,,DE13 3AX,GB,United Kingdom
female,Amy,Saunders,94 South Western Terrace,MILTON BRIDGE,,,EH26 0DF,GB,United Kingdom
female,Lucy,Dale,27 Merthyr Road,BURNHAM-ON-CROUCH,,,CM0 4WL,GB,United Kingdom
female,Samantha,Nixon,16 Uxbridge Road,SKINNINGROVE,,,TS13 5NL,GB,United Kingdom
female,Anna,Smith,21 Preston Rd,MORETON,,,DT2 9RE,GB,United Kingdom
male,George,Myers,54 Warren St,WEST HYDE,,,WD3 9DH,GB,United Kingdom
female,Kayleigh,Marsden,70 Souterhead Road,LOWER BRAILES,,,OX15 8HJ,GB,United Kingdom
female,Sofia,Cunningham,46 Park End St,BROOKWOOD,,,GU24 2QD,GB,United Kingdom
male,Christopher,Myers,14 Middlewich Road,FLAWITH,,,YO6 0GY,GB,United Kingdom
female,Melissa,Davies,56 Monks Way,TORRAN,,,IV40 0GT,GB,United Kingdom
female,Danielle,Howard,70 Horsefair Green,OLGRINMORE,,,KW12 7AX,GB,United Kingdom
female,Shannon,Norton,39 Ings Lane,DELNY,,,IV18 3AF,GB,United Kingdom
male,Billy,Chandler,2 Holgate Rd,RAGLAN,,,NP5 0JU,GB,United Kingdom
female,Summer,Iqbal,42 Neville Street,HYDE,,,GL6 3QF,GB,United Kingdom
male,Benjamin,Daniels,99 Abbey Row,OAKHANGER,,,GU35 2ZB,GB,United Kingdom
male,Brandon,Brown,14 Scarcroft Road,PORTLETHEN,,,AB1 6UW,GB,United Kingdom
female,Tia,Cooper,29 Wern Ddu Lane,LUDDENHAM COURT,,,ME13 5TL,GB,United Kingdom
female,Kayleigh,Clark,42 Netherpark Crescent,STENTON,,,PH1 1YR,GB,United Kingdom
male,Sam,Moss,56 Peachfield Road,CHALMINGTON,,,DT2 8SP,GB,United Kingdom
female,Summer,Fletcher,45 Broomfield Place,STONEGATE,,,TN5 5ZJ,GB,United Kingdom
female,Daisy,Evans,68 Wenlock Terrace,PENYGRAIG,,,CF40 3GF,GB,United Kingdom
female,Amelie,Davies,92 Glenurquhart Road,BALLAGYR,,,IM5 8HD,GB,United Kingdom
male,Aaron,Field,4 Temple Way,WITHAM ON THE HILL,,,PE10 2SF,GB,United Kingdom
male,Dylan,Jennings,95 Guildry Street,GARTH,,,LL20 9UG,GB,United Kingdom
female,Francesca,Leonard,88 Fore St,TREWILYM,,,SA41 4JB,GB,United Kingdom
male,Daniel,Collins,78 Warren St,WEST HADDLESEY,,,YO8 7BU,GB,United Kingdom
female,Maisie,Sims,14 Sloe Lane,CROWLAS,,,TR20 1TR,GB,United Kingdom
male,Kyle,Stone,88 Middlewich Road,FLETE,,,PL21 6UF,GB,United Kingdom
female,Samantha,Gardner,4 South Crescent,LYNEMOUTH,,,NE61 9HF,GB,United Kingdom
female,Erin,Harper,72 Carriers Road,CRICK,,,NP6 0HL,GB,United Kingdom
male,Joe,Norman,41 Monks Way,TORRICH,,,IV12 2JZ,GB,United Kingdom
female,Aaliyah,Hayward,36 Ponteland Rd,HUCKING,,,ME17 4PB,GB,United Kingdom
male,Mason,Baxter,54 Clasper Way,HEXWORTHY,,,PL20 0UU,GB,United Kingdom
female,Caitlin,Price,42 Gordon Terrace,BATHFORD,,,BA1 5LW,GB,United Kingdom
female,Abigail,Kemp,68 Main St,ACHADH-CHAORRUNN,,,PA29 0GF,GB,United Kingdom
female,Tegan,Carroll,69 Union Terrace,LOCHGILPHEAD,,,PA31 5QP,GB,United Kingdom
female,Zoe,Bibi,53 Chapel Lane,ARNIPOL,,,PH38 8YH,GB,United Kingdom
female,Alicia,Briggs,12 Bouverie Road,WESTON,,,BA1 1PY,GB,United Kingdom
female,Morgan,Welch,59 Ermin Street,YADDLETHORPE,,,DN17 5XL,GB,United Kingdom
male,Isaac,Doherty,45 Canterbury Road,UPTON LOVELL,,,BA12 8YY,GB,United Kingdom
female,Chelsea,Hewitt,8 Berkeley Rd,STREET,,,PR3 8HR,GB,United Kingdom
female,Chelsea,Gardner,1 Golf Road,SWIFTSDEN,,,TN19 6UJ,GB,United Kingdom
female,Tia,Patel,83 City Walls Rd,CLUN,,,SY7 2RE,GB,United Kingdom
female,Alice,Browne,2 Seafield Place,FORSE,,,KW5 6NA,GB,United Kingdom
male,Harrison,Armstrong,58 Vicar Lane,SANDYGATE,,,TQ12 3AD,GB,United Kingdom
female,Tia,Reeves,62 Golf Road,SWANAGE,,,BH19 3BJ,GB,United Kingdom
female,Amelia,May,61 Park Place,CARSLUITH,,,DG8 8FZ,GB,United Kingdom
female,Jodie,Baker,90 Golf Road,SWALLOW,,,LN7 9QR,GB,United Kingdom
male,Isaac,Marsh,9 Duckpit Lane,UPPER RIDINGHILL,,,AB43 0TT,GB,United Kingdom
male,Adam,Whittaker,13 Hindhead Road,EAST BARMING,,,ME16 6XA,GB,United Kingdom
female,Molly,Rahman,37 Witney Way,KNARSDALE,,,CA6 4RH,GB,United Kingdom
female,Sienna,Gould,93 City Walls Rd,CLYDACH,,,NP7 6JG,GB,United Kingdom
female,Tia,Horton,98 Gordon Terrace,BASSETT,,,SO16 0HB,GB,United Kingdom
male,Brandon,Evans,49 Bishopgate Street,SCOTSTON,,,PH8 9WD,GB,United Kingdom
female,Georgia,Kerr,71 Clasper Way,HEXTABLE,,,BR8 0ZH,GB,United Kingdom
female,Abigail,Wallace,91 Jubilee Drive,CAYTON,,,YO11 4NJ,GB,United Kingdom
female,Ellie,Rogers,46 Seaford Road,CULMINGTON,,,SY8 7WU,GB,United Kingdom
male,Jonathan,Dennis,63 Brackley Road,TIMSGEARRAIDH,,,HS2 5XX,GB,United Kingdom
male,Ben,Winter,94 Cefn Road,FANMORE,,,PA73 2SW,GB,United Kingdom
male,Joel,Parry,35 Grenoble Road,BRIDGE HEWICK,,,HG4 8UP,GB,United Kingdom
female,Samantha,Bolton,91 West Lane,DARFIELD,,,S73 1YH,GB,United Kingdom
male,Kyle,Page,10 Wrexham Road,FERNESS,,,IV12 3FB,GB,United Kingdom
male,Ethan,Simpson,66 Prince Consort Road,KELBY,,,NG32 7AN,GB,United Kingdom
female,Katie,Lowe,81 South Western Terrace,MILTON ABBAS,,,DT11 0XZ,GB,United Kingdom
male,Zachary,Gilbert,26 Russell Rd,SHILSTONE,,,EX20 3QL,GB,United Kingdom
male,Sebastian,Adams,92 East Street,MARFLEET,,,HU9 4EH,GB,United Kingdom
female,Amy,Atkins,4 South Western Terrace,MILTON HILL,,,OX13 8ET,GB,United Kingdom
female,Jessica,Holland,81 Bath Rd,WOODCHURCH,,,TN26 6BY,GB,United Kingdom
male,Freddie,Godfrey,19 Kendell Street,SHEPHERDSWELL OR SIBERTSWOLD,,,CT15 9ZE,GB,United Kingdom
male,Ewan,Sims,70 Telford Street,BARGALY,,,DG8 8BT,GB,United Kingdom
male,Kyle,Morley,90 Eastbourne Rd,COLERNE,,,SN14 1DF,GB,United Kingdom
female,Madeleine,Chapman,6 Freezeland Lane,CRAIGIE,,,PH10 6BL,GB,United Kingdom
male,Joel,Mellor,80 Sandyhill Rd,FROGMORE,,,GU17 1PF,GB,United Kingdom
female,Eve,Evans,47 Maidstone Road,WERVIN,,,CH2 8QQ,GB,United Kingdom
male,Connor,Holland,69 Oxford Rd,WORMLEY,,,GU8 5NF,GB,United Kingdom
female,Isabel,Wallace,96 Newport Road,CARPERBY,,,DL8 3DQ,GB,United Kingdom
male,Nicholas,Freeman,52 Warren St,WEST CAIRNCAKE,,,AB53 0ND,GB,United Kingdom
female,Freya,Burke,29 Kingsway North,HOLME HALE,,,IP25 7AU,GB,United Kingdom
female,Molly,Thomson,12 Osborne Road,KINGCOED,,,NP5 2BB,GB,United Kingdom
female,Elizabeth,Rogers,46 Park End St,BROMPTON,,,ME4 6RG,GB,United Kingdom
female,Francesca,Mason,36 Redcliffe Way,WOODHOUSE,,,S13 4XT,GB,United Kingdom
female,Maddison,Foster,64 Overton Circle,LITTLETOWN,,,DH6 8HR,GB,United Kingdom
female,Nicole,Reed,14 Cunnery Rd,MAMBEG,,,G84 5UZ,GB,United Kingdom
male,Luca,Pritchard,38 South Crescent,MACHRINS,,,PA61 4QN,GB,United Kingdom
male,Jude,Little,89 Warner Close,HAVERHILL,,,CB9 8LW,GB,United Kingdom
female,Keira,Hurst,76 Red Lane,EVELIX,,,IV25 8ST,GB,United Kingdom
female,Hannah,O'Neill,98 Hampton Court Rd,SOUTHWELL,,,DT5 7EH,GB,United Kingdom
female,Charlotte,Simpson,24 Bishopthorpe Road,PENIFILER,,,IV51 1DG,GB,United Kingdom
female,Harriet,Tucker,87 Overton Circle,LITTLE WOLFORD,,,CV36 6WF,GB,United Kingdom
female,Phoebe,Crawford,47 Tonbridge Rd,COOMBE,,,PL26 6DF,GB,United Kingdom
female,Eva,Hutchinson,89 Consett Rd,HINCKLEY,,,LE10 8TU,GB,United Kingdom
male,Alex,Marshall,90 North Road,NETHERTON,,,WR10 5TT,GB,United Kingdom
male,Connor,Winter,89 Huntly Street,BARRHILL,,,KA26 3TP,GB,United Kingdom
male,Daniel,Naylor,97 Russell Rd,SHIPTONTHORPE,,,YO43 1FU,GB,United Kingdom
female,Tia,Hobbs,54 Sandyhill Rd,FYVIE,,,AB53 8HE,GB,United Kingdom
female,Nicole,Reynolds,59 Fore St,TROWSE NEWTON,,,NR14 7XW,GB,United Kingdom
male,Mason,Yates,8 Cefn Road,FARNHAM,,,CM23 5AP,GB,United Kingdom
female,Francesca,Wells,54 Duckpit Lane,UPPER HERGEST,,,HR5 2QA,GB,United Kingdom
male,Logan,Moran,92 Farburn Terrace,LITTLE HORMEAD,,,SG9 8AW,GB,United Kingdom
female,Courtney,Goodwin,9 Felix Lane,SHORTACOMBE,,,EX20 4NZ,GB,United Kingdom
male,Benjamin,Pearce,86 Newgate Street,KEEVIL,,,BA14 4UU,GB,United Kingdom
female,Grace,Bartlett,82 Lammas Street,GREAT EASTON,,,LE16 6WR,GB,United Kingdom
male,Declan,Page,50 Brynglas Road,GLOWETH,,,TR1 7XW,GB,United Kingdom
female,Madeleine,Barnett,42 Friar Street,CLEATLAM,,,DL2 1WT,GB,United Kingdom
male,Zachary,Field,4 Golf Road,SUTTON-IN-CRAVEN,,,BD20 1XE,GB,United Kingdom
male,Henry,Gould,13 Boat Lane,REDPATH,,,TD6 1DX,GB,United Kingdom
male,William,Hawkins,24 Guild Street,LONDON,,,NW7 8GS,GB,United Kingdom
male,Riley,Curtis,86 Greyfriars Road,CANTLEY,,,DN3 9GT,GB,United Kingdom
male,Jack,Lawrence,19 Scotsburn Rd,SYMONDS YAT,,,HR9 4PH,GB,United Kingdom
male,Joshua,Rice,65 City Walls Rd,CLOVULLIN,,,PH33 0ZY,GB,United Kingdom
female,Samantha,Black,35 Boroughbridge Road,BITTERNE,,,SO18 2XP,GB,United Kingdom
female,Shannon,Armstrong,78 Grey Street,KENT'S OAK,,,SO51 6DQ,GB,United Kingdom
female,Daisy,Sullivan,72 Boroughbridge Road,BISHOP'S STORTFORD,,,CM23 1NB,GB,United Kingdom
female,Holly,Holland,74 Lammas Street,GREAT BENTLEY,,,CO7 8SL,GB,United Kingdom
male,Kian,Mills,94 High St,THORPE THEWLES,,,TS21 1HB,GB,United Kingdom
male,Ewan,Foster,90 Tonbridge Rd,COP STREET,,,CT3 8EX,GB,United Kingdom
male,Jack,Joyce,6 Fore St,TULLICH,,,IV20 8LU,GB,United Kingdom
male,Isaac,Dickinson,62 Layburn Court,TREASLANE,,,IV51 2QR,GB,United Kingdom
female,Emma,Mahmood,26 Shannon Way,CHIPPING,,,PR3 1HR,GB,United Kingdom
female,Molly,Vaughan,47 Hexham Road,INVERKEITHING,,,KY11 4RU,GB,United Kingdom
female,Scarlett,Moran,81 Tonbridge Rd,CONISHOLME,,,LN11 9UQ,GB,United Kingdom
female,Louise,Cook,51 Stroude Road,SILVERBURN,,,EH26 4LF,GB,United Kingdom
male,Jay,May,65 Wressle Road,POCKLEY,,,YO62 1ZB,GB,United Kingdom
male,Robert,Hartley,55 Ploughley Rd,TOFTREES,,,NR21 7WE,GB,United Kingdom
male,Matthew,Howard,40 Guildford Rd,EAST END,,,SO41 3FL,GB,United Kingdom
male,Ewan,Archer,57 Kent Street,CROSSLET,,,G82 2HJ,GB,United Kingdom
male,Harvey,Marsh,50 Uxbridge Road,SLAINS PARK,,,DD10 1UQ,GB,United Kingdom
male,Jude,Carr,28 Moulton Road,GUESTLING GREEN,,,TN35 0TB,GB,United Kingdom
male,Lewis,Goddard,69 Leicester Road,AULTNAPADDOCK,,,AB55 6WP,GB,United Kingdom
male,Bailey,Sharp,2 Great North Road,ALSTON,,,CA9 9TE,GB,United Kingdom
female,Francesca,Fleming,48 Park Row,EFAIL ISAF,,,CF38 2BB,GB,United Kingdom
male,Charlie,Hunt,28 Pendwyallt Road,BURTON,,,CW6 4ZE,GB,United Kingdom
female,Eva,Lewis,44 Coast Rd,KIRKTON,,,AB53 4NR,GB,United Kingdom
male,Kian,Price,66 Jubilee Drive,CAYTHORPE,,,NG32 8BU,GB,United Kingdom
male,Dylan,O'Brien,73 Broomfield Place,STONEBROOM,,,DE55 6WD,GB,United Kingdom
female,Alice,Leonard,23 Lamphey Road,THE BRYN,,,NP7 3YS,GB,United Kingdom
male,Tom,Barry,89 Great North Road,AMBLE,,,NE65 3DT,GB,United Kingdom
male,Hayden,Dyer,8 Park Place,CASHLIE,,,PH15 9JU,GB,United Kingdom
female,Maddison,Richardson,29 Roman Rd,LEGERWOOD,,,TD4 9SW,GB,United Kingdom
female,Sophia,Holloway,47 Main Road,ATTLEBOROUGH,,,CV11 6GN,GB,United Kingdom
female,Jasmine,Rees,88 Walden Road,GREAT WENHAM,,,CO7 7JW,GB,United Kingdom
male,Jacob,Carr,61 Park Row,EDINBURGH,,,EH5 2HU,GB,United Kingdom
male,Jake,Hicks,97 Park Row,EDINGTHORPE,,,NR28 5TY,GB,United Kingdom
male,Morgan,Graham,78 Sea Road,LAMBLEY,,,NG4 3BR,GB,United Kingdom
male,Louis,Doherty,68 Marcham Road,BOUGHROOD,,,LD3 0QJ,GB,United Kingdom
male,Alexander,Parker,15 Bullwood Rd,ST ABBS,,,TD14 2AT,GB,United Kingdom
female,Paige,Francis,38 Boar Lane,SELSEY,,,PO20 8XG,GB,United Kingdom
female,Aimee,May,37 York Road,OVER TABLEY,,,WA16 2NW,GB,United Kingdom
female,Kiera,Little,60 Moulton Road,GUYHIRN,,,PE13 1SY,GB,United Kingdom
female,Lily,Freeman,43 Shore Street,STOKE HEATH,,,TF9 1XH,GB,United Kingdom
female,Lucy,Fleming,50 Newgate Street,IXWORTH THORPE,,,IP31 4UT,GB,United Kingdom
female,Alexandra,Wallis,24 Middlewich Road,FLINT,,,CH6 6AP,GB,United Kingdom
male,Brandon,Bond,15 Scotswood Road,HOLYWELL,,,PE17 5GZ,GB,United Kingdom
male,Kieran,Winter,4 Newgate Street,IVY HATCH,,,TN15 1HR,GB,United Kingdom
female,Aimee,Dawson,86 Spilman Street,GRAFTON,,,YO5 7JG,GB,United Kingdom
female,Zoe,Walton,54 Holgate Rd,RAGDALE,,,LE14 0ZA,GB,United Kingdom
male,Spencer,Phillips,45 Sutton Wick Lane,BRINDISTER,,,ZE2 1BF,GB,United Kingdom
female,Jodie,Jones,39 Thompsons Lane,MELLON UDRIGLE,,,IV22 8HD,GB,United Kingdom
male,Lucas,Ross,88 Oxford Rd,WORSTHORNE,,,BB10 9ZF,GB,United Kingdom
female,Jasmine,Reid,37 Middlewich Road,FLAGG,,,SK17 9PZ,GB,United Kingdom
female,Sophia,Sutton,20 Nenthead Road,HIGH BURTON,,,HG4 6SH,GB,United Kingdom
male,Jack,Forster,45 Whitchurch Road,EMBERTON,,,MK46 0SD,GB,United Kingdom
male,Cameron,Robson,95 Constitution St,LLANSADURNEN,,,SA33 6BX,GB,United Kingdom
male,Callum,John,97 St Denys Road,POUNDFFALD,,,SA4 0WN,GB,United Kingdom
female,Chelsea,Goddard,74 Well Lane,PARKMORE,,,AB55 2SW,GB,United Kingdom
male,Louie,Cartwright,81 Colorado Way,RHONEHOUSE OR KELTON HILL,,,DG7 4HP,GB,United Kingdom
male,Jonathan,Farmer,98 Balsham Road,HARTWELL,,,HP17 0GH,GB,United Kingdom
male,Aaron,Bruce,19 Caradon Hill,UFFINGTON,,,PE9 7YP,GB,United Kingdom
female,Tegan,Fowler,59 Shire Oak Road,SCARCLIFFE,,,S44 5BF,GB,United Kingdom
male,Louis,Leonard,34 Jesmond Rd,KILDONNAN,,,PH42 5EJ,GB,United Kingdom
male,Liam,Iqbal,65 St Andrews Lane,CWMCARN,,,NP1 4HS,GB,United Kingdom
male,Dylan,Bates,42 South Western Terrace,MISKIN,,,CF72 0QF,GB,United Kingdom
female,Shannon,Bishop,92 Wenlock Terrace,PENWORTHAM,,,PR1 8EW,GB,United Kingdom
female,Naomi,Walsh,87 Thompsons Lane,MEIRHEATH,,,ST3 2PX,GB,United Kingdom
female,Emma,Power,76 Hexham Road,INVERYTHAN,,,AB53 5YF,GB,United Kingdom
female,Hannah,Summers,82 Argyll Road,LLANDDEWI VELFREY,,,SA67 2YG,GB,United Kingdom
female,Isabella,Kennedy,68 Cheriton Rd,WEST SOMERTON,,,NR29 6RF,GB,United Kingdom
male,Rhys,Joyce,60 Canterbury Road,UTTERBY,,,LN11 6LU,GB,United Kingdom
female,Keira,Warner,97 Cloch Rd,ST IVES,,,TR26 9QU,GB,United Kingdom
male,Luca,Chandler,9 Haslemere Road,EBBESBORNE WAKE,,,SP5 6GT,GB,United Kingdom
female,Louise,Savage,97 Bridge Street,GOODYERS END,,,CV12 8GX,GB,United Kingdom
female,Hollie,Stephenson,60 Botley Road,MIDFIELD,,,IV27 9YA,GB,United Kingdom
male,Anthony,Lawson,83 West Lane,DALJARROCK,,,KA26 5XB,GB,United Kingdom
female,Madison,Dyer,63 Southend Avenue,BLACKWATER,,,IP18 8AJ,GB,United Kingdom
male,Liam,Kay,10 Hexham Road,INVERNETTIE,,,AB42 0PE,GB,United Kingdom
male,Harley,Williamson,5 Great Western Road,LONGDRUM,,,AB23 9TB,GB,United Kingdom
female,Jessica,Sullivan,73 Ings Lane,DEAN,,,CA14 5PA,GB,United Kingdom
female,Elise,Stewart,4 Front Street,KNOWLE,,,B93 4GL,GB,United Kingdom
male,Dominic,Howe,29 Prospect Hill,DRAETHEN,,,NP1 7PX,GB,United Kingdom
female,Natasha,Long,81 Seafield Street,LLIDIARDAU,,,LL23 6JZ,GB,United Kingdom
female,Abbie,North,39 St James Boulevard,HORLEY,,,RH6 6TH,GB,United Kingdom
male,Alexander,Herbert,71 Souterhead Road,LOVE CLOUGH,,,BB4 6DW,GB,United Kingdom
female,Jessica,Reynolds,25 Cefn Road,FATTAHEAD,,,AB45 1AD,GB,United Kingdom
female,Jennifer,Whitehouse,69 Northgate Street,BICKENHALL,,,TA3 9WF,GB,United Kingdom
male,Sam,Mason,53 City Walls Rd,CLOCHTOW,,,AB41 7AP,GB,United Kingdom
female,Zara,Hayes,92 Boroughbridge Road,BIRTHORPE,,,NG34 8LX,GB,United Kingdom
male,Jake,Ashton,42 Park Row,EDMONSTONE,,,KW17 5TT,GB,United Kingdom
female,Naomi,Cross,59 St Dunstans Street,WATER STRATFORD,,,MK18 8EJ,GB,United Kingdom
male,Matthew,Preston,64 Prestwick Road,INGS,,,LA8 4AE,GB,United Kingdom
female,Evie,Carroll,74 Nenthead Road,HIGH WYCH,,,CM21 9RQ,GB,United Kingdom
female,Sofia,Hayes,72 Jedburgh Road,LETTY GREEN,,,SG14 5QH,GB,United Kingdom
male,Reece,Sanderson,2 Stamford Road,ANGERSLEIGH,,,TA3 6PX,GB,United Kingdom
female,Isabel,Price,25 Southend Avenue,BLACKWATERFOOT,,,KA27 6JN,GB,United Kingdom
male,Tom,Griffin,33 Whitby Road,DHOWIN,,,IM7 4FJ,GB,United Kingdom
female,Emma,Metcalfe,6 Rowland Rd,ORMESBY ST MICHAEL,,,NR29 3ZB,GB,United Kingdom
male,Adam,Cook,13 Bootham Crescent,RIDDELL,,,TD6 9RE,GB,United Kingdom
male,Jack,Marsh,50 Buckingham Rd,THORNHAUGH,,,PE8 3DQ,GB,United Kingdom
male,Billy,Sutton,3 Hart Road,NORTH WILLINGHAM,,,LN8 2BA,GB,United Kingdom
female,Georgia,Green,41 Kent Street,CROSSLANES,,,SY22 6BN,GB,United Kingdom
male,Dylan,Buckley,94 Rowland Rd,ORCHARD PORTMAN,,,TA3 1AD,GB,United Kingdom
male,Jamie,Evans,32 Marlborough Crescent,SOUTH WESTON,,,OX9 4EZ,GB,United Kingdom
female,Eva,Green,47 Newgate Street,JANETSTOWN,,,KW14 9FJ,GB,United Kingdom
male,Rhys,McKenzie,47 Nith Street,GLASCWM,,,LD1 2WZ,GB,United Kingdom
male,Morgan,Stevenson,85 Roman Rd,LEES,,,OL4 0AP,GB,United Kingdom
female,Niamh,Lawrence,78 Rowland Rd,ORRELL,,,WN5 4BX,GB,United Kingdom
male,Kieran,Ryan,99 Marcham Road,BOTESDALE,,,IP22 0WB,GB,United Kingdom
male,Oscar,Carey,85 Stone Cellar Road,KINGSWOOD,,,SY21 5HZ,GB,United Kingdom
male,Leo,Buckley,73 Walden Road,GREENHEADS,,,AB42 1TU,GB,United Kingdom
male,Tyler,Buckley,53 Buckingham Rd,THORNBURY,,,HR7 7ZN,GB,United Kingdom
female,Emma,Day,74 Redcliffe Way,WOODMANCOTE,,,GL7 6UB,GB,United Kingdom
male,Ben,Slater,36 City Walls Rd,CLIFTON,,,NE61 7DG,GB,United Kingdom
female,Megan,Bennett,16 Great Western Road,LONG SUTTON,,,TA10 7TQ,GB,United Kingdom
female,Kate,Bolton,62 Cheriton Rd,WEST STREET,,,ME17 1YL,GB,United Kingdom
female,Eva,Law,22 Bouverie Road,WESTON PATRICK,,,RG25 3GL,GB,United Kingdom
male,Harry,Grant,33 Oxford Rd,WORMINGHALL,,,HP18 7FG,GB,United Kingdom
male,Mohammad,Barnes,79 Thornton St,HUTTON WANDESLEY,,,YO5 5XF,GB,United Kingdom
male,Samuel,Powell,16 Malcolm Rd,LLANERCHYMEDD,,,LL71 2QH,GB,United Kingdom
female,Eva,Chadwick,11 Boroughbridge Road,BIRKHILL,,,DD2 4LP,GB,United Kingdom
female,Eva,Simmons,14 South Western Terrace,MILTON,,,FK17 5XP,GB,United Kingdom
male,Max,Thorpe,35 Tadcaster Rd,PIPERHILL,,,IV12 6AE,GB,United Kingdom
male,Oscar,Lane,83 New Dover Rd,WALLEND,,,ME3 7QX,GB,United Kingdom
male,Sean,Griffin,64 Lamphey Road,THE OVAL,,,BA2 7XS,GB,United Kingdom
female,Megan,Shepherd,91 Kendell Street,SHELDON,,,B26 2GD,GB,United Kingdom
male,John,Richardson,24 Bootham Crescent,RISBURY,,,HR6 3PZ,GB,United Kingdom
female,Eleanor,Bradley,41 Fosse Way,ARDVASAR,,,IV45 8FY,GB,United Kingdom
female,Ava,Nicholls,67 Simone Weil Avenue,WATTSTON,,,ML6 4XT,GB,United Kingdom
male,Kian,Houghton,75 Moulton Road,GUSSAGE ST MICHAEL,,,BH21 5NS,GB,United Kingdom
male,Isaac,Whittaker,13 Harrogate Road,RUSHWICK,,,WR2 5NW,GB,United Kingdom
male,Hayden,French,2 Withers Close,ALEXANDRIA,,,G83 2HN,GB,United Kingdom
male,Jayden,Giles,5 Greyfriars Road,CARDINHAM,,,PL30 9DA,GB,United Kingdom
male,Jayden,Sims,24 Bury Rd,HANFORD,,,ST4 4PA,GB,United Kingdom
male,Benjamin,Chapman,45 Petworth Rd,DUNSOP BRIDGE,,,BB7 5EZ,GB,United Kingdom
female,Cerys,Tomlinson,29 Hull Road,PANFIELD,,,CM7 0UX,GB,United Kingdom
male,Aaron,Benson,95 St Dunstans Street,WATERPERRY,,,OX33 1XG,GB,United Kingdom
female,Tegan,Whitehead,91 Iolaire Road,NEW MILLS,,,SY16 9HU,GB,United Kingdom
male,Freddie,Randall,40 Jedburgh Road,LETHAM,,,KY15 7JS,GB,United Kingdom
male,Nathan,Coles,9 Seaford Road,CUXHAM,,,OX9 4NE,GB,United Kingdom
male,Isaac,Davis,65 Old Edinburgh Road,BEGBROKE,,,OX5 6AP,GB,United Kingdom
male,Oliver,Gallagher,74 Jesmond Rd,KILHAM,,,YO25 5XH,GB,United Kingdom
male,Ethan,Wilkins,14 Dunmow Road,GRONANT,,,LL19 5UE,GB,United Kingdom
male,Edward,Pope,80 Main Rd,FORDOUN,,,AB30 4JR,GB,United Kingdom
female,Amelie,Douglas,12 Moulton Road,GWEEK,,,TR11 5EF,GB,United Kingdom
male,Nicholas,Newton,30 Boughton Rd,WICK ST LAWRENCE,,,BS22 9WG,GB,United Kingdom
male,Anthony,Thomson,52 Manor Way,GREAT MELTON,,,NR9 1GA,GB,United Kingdom
male,Isaac,Berry,74 Park End St,BROOME,,,SY7 6RD,GB,United Kingdom
male,Tyler,Anderson,80 Scarcroft Road,PORTHCURNO,,,TR19 0PH,GB,United Kingdom
female,Rachel,Hall,85 Trinity Crescent,WHETLEY CROSS,,,DT8 9SQ,GB,United Kingdom
male,Jamie,Stevenson,76 Maidstone Road,WELSH END,,,SY13 3YQ,GB,United Kingdom
female,Amy,Mills,6 City Walls Rd,CLOUGH,,,LA10 4EL,GB,United Kingdom
male,Edward,Green,37 Copthorne Way,CALVERLEY,,,LS28 4PD,GB,United Kingdom
male,Gabriel,Wells,81 Shannon Way,CHILDSWICKHAM,,,WR12 6ZE,GB,United Kingdom
female,Phoebe,Stone,55 Ramsgate Rd,WIGSTON,,,LE18 2UY,GB,United Kingdom
male,Jack,Carr,92 Gloddaeth Street,BINLEY,,,CV3 8XG,GB,United Kingdom
female,Abigail,Chamberlain,8 Broad Street,LOWER WYCHE,,,WR14 4EA,GB,United Kingdom
female,Millie,Doyle,27 Kendell Street,SHENTON,,,CV13 7QP,GB,United Kingdom
male,Samuel,Frost,98 Nenthead Road,HIGH SALVINGTON,,,BN14 5RW,GB,United Kingdom
male,Muhammad,Wright,36 Maidstone Road,WELSH HOOK,,,SA62 2TZ,GB,United Kingdom
female,Francesca,Holmes,19 Hudson St,DUNS TEW,,,OX6 5RH,GB,United Kingdom
female,Mia,Bruce,53 Front St,HERNE,,,CT6 8EB,GB,United Kingdom
female,Maisie,O'Neill,38 Malcolm Rd,LLANGAFFO,,,LL60 1JX,GB,United Kingdom
male,Tom,Clayton,18 Ploughley Rd,TOLLESBURY,,,CM9 7DQ,GB,United Kingdom
male,Freddie,Howarth,34 Guildry Street,GALLTAIR,,,IV40 6WY,GB,United Kingdom
female,Ella,Hawkins,83 New Dover Rd,WADEFORD,,,TA20 2XS,GB,United Kingdom
female,Ava,Greenwood,35 Fulford Road,PENTREFELIN,,,SA48 1UN,GB,United Kingdom
male,Louis,Chamberlain,29 Broad Street,LOWER WALLOP,,,SY5 4EW,GB,United Kingdom
female,Demi,Jennings,48 Neville Street,IMMINGHAM,,,DN40 5XN,GB,United Kingdom
female,Chloe,Burns,64 Henley Road,BOVINGTON CAMP,,,BH20 2NP,GB,United Kingdom
male,Sam,Pugh,34 Ivy Lane,WALSOKEN,,,PE13 5JN,GB,United Kingdom
female,Millie,Bull,7 Hertingfordbury Rd,NEWSHAM,,,PR3 8ZL,GB,United Kingdom
female,Laura,Ford,67 Osborne Road,KILVAXTER,,,IV51 8UP,GB,United Kingdom
female,Danielle,Phillips,35 Fulford Road,PENRHIW-PAL,,,SA44 8GF,GB,United Kingdom
male,Michael,Hardy,73 Park Place,CASTLE DOUGLAS,,,DG7 0UA,GB,United Kingdom
female,Ella,Warren,94 Wrexham Road,FENWICK,,,KA3 1AW,GB,United Kingdom
female,Maisie,Stewart,82 Stamford Road,ANMER,,,PE31 4AU,GB,United Kingdom
female,Georgina,Rees,3 Holburn Lane,HELPERTHORPE,,,YO17 2LN,GB,United Kingdom
female,Molly,McLean,27 Chapel Lane,ASCOG,,,PA20 7ZG,GB,United Kingdom
male,Peter,Abbott,1 Bridge Street,GODSHILL,,,PO38 6LE,GB,United Kingdom
male,Edward,Campbell,43 Broomfield Place,STONE ALLERTON,,,BS26 7EW,GB,United Kingdom
male,Lucas,Gardiner,27 Grenoble Road,BRIDEKIRK,,,CA13 3PU,GB,United Kingdom
male,Luke,Rowley,6 Ballifeary Road,BALLOCH,,,IV1 1TX,GB,United Kingdom
female,Elizabeth,Flynn,82 Northgate Street,BIERLEY,,,BD4 7HD,GB,United Kingdom
male,Mohammad,Little,42 Old Chapel Road,GATESHEATH,,,CH3 4ZU,GB,United Kingdom
male,Muhammad,Sanders,30 Cheriton Rd,WEST TARBERT,,,PA29 7SJ,GB,United Kingdom
female,Courtney,Fleming,17 Ballifeary Road,BALURE,,,PA37 0GJ,GB,United Kingdom
male,Jamie,Turnbull,44 Fox Lane,BOGBUIE,,,IV6 0WQ,GB,United Kingdom
female,Lola,Rose,48 Hull Road,PARBROOK,,,BA6 6EQ,GB,United Kingdom
female,Elizabeth,Duncan,11 Fore St,TREVERVA,,,TR11 1DG,GB,United Kingdom
female,Madison,McKenzie,11 Prince Consort Road,KELLAS,,,IV30 6RA,GB,United Kingdom
male,Harley,Miah,68 Park Avenue,LAXTON,,,NG22 0RU,GB,United Kingdom
female,Rebecca,Shah,33 Academy Street,BERRYHILLOCK,,,AB56 2DU,GB,United Kingdom
female,Evie,Edwards,95 Colorado Way,RHYDYMWYN,,,CH7 5TA,GB,United Kingdom
female,Aimee,Slater,11 Great North Road,ALVESTON,,,CV37 3RD,GB,United Kingdom
male,Dominic,Sharp,28 Southend Avenue,BLACKDEN HEATH,,,CW4 3AT,GB,United Kingdom
female,Grace,Pearson,70 Henley Road,BOWNESS-ON-SOLWAY,,,CA5 4GD,GB,United Kingdom
female,Mollie,Lowe,91 Southern Way,NORTH LEE,,,HP22 4BJ,GB,United Kingdom
female,Madeleine,Gilbert,98 East Street,MANSRIGGS,,,LA12 9ST,GB,United Kingdom
male,Corey,Sims,17 Shannon Way,CHICKLADE,,,SP3 2DH,GB,United Kingdom
male,Declan,Kent,91 Overton Circle,LITTLEBECK,,,YO22 6NU,GB,United Kingdom
female,Ava,Armstrong,81 Buckingham Rd,THORNE ST MARGARET,,,TA21 8GZ,GB,United Kingdom
male,Declan,Foster,4 Winchester Rd,METTON,,,NR11 0FZ,GB,United Kingdom
female,Elise,Manning,41 Hart Road,NORTHAM,,,EX39 4JA,GB,United Kingdom
male,Gabriel,Curtis,57 Academy Street,BENTLEY,,,GU10 4BE,GB,United Kingdom
female,Alexandra,McKenzie,24 Seaford Road,CULSHABBIN,,,DG8 0XH,GB,United Kingdom
female,Ellie,Burrows,8 Ivy Lane,WARBLETON,,,TN21 1ZE,GB,United Kingdom
male,Taylor,Lewis,28 Buckingham Rd,THORNEY,,,PE6 0HX,GB,United Kingdom
female,Laura,Weston,93 Wood Lane,BADLUARCHRACH,,,IV23 4GQ,GB,United Kingdom
male,Edward,Saunders,34 Southend Avenue,BLADBEAN,,,CT4 5YD,GB,United Kingdom
female,Courtney,Stokes,42 Wrexham Road,FAXTON,,,NN6 8HY,GB,United Kingdom
female,Danielle,Kelly,12 Ivy Lane,WALTON CARDIFF,,,GL20 5XJ,GB,United Kingdom
female,Amelia,Woods,77 Coast Rd,KIRKLEATHAM,,,TS10 4PQ,GB,United Kingdom
female,Abigail,Coles,59 St James Boulevard,HORTON KIRBY,,,DA4 3HZ,GB,United Kingdom
male,Spencer,Chapman,40 Hudson St,DUNK'S GREEN,,,TN11 4YT,GB,United Kingdom
male,Reece,Tomlinson,13 Middlewich Road,FLEXFORD,,,GU3 6WL,GB,United Kingdom
female,Lily,Holloway,16 Witney Way,KIRKTONHILL,,,AB30 0ZX,GB,United Kingdom
female,Lara,Armstrong,79 Holgate Rd,RAGNALL,,,NG22 6FY,GB,United Kingdom
female,Amelia,Simmons,90 Warner Close,HATT,,,PL12 6PQ,GB,United Kingdom
female,Sophia,Mahmood,13 Union Terrace,LOCHHILL,,,IV30 0AU,GB,United Kingdom
male,Christopher,Thomas,74 Worthy Lane,MARYLEBONE,,,WN1 3NJ,GB,United Kingdom
male,Thomas,Webster,31 Southlands Road,POLSTEAD,,,CO6 9RH,GB,United Kingdom
male,Elliot,Kay,20 Hertingfordbury Rd,NEWLANDS OF GEISE,,,KW14 8TD,GB,United Kingdom
male,Daniel,Knowles,63 Wressle Road,PITSEA,,,SS13 4YF,GB,United Kingdom
male,John,Brennan,3 Botley Road,MIDGEHOLME,,,CA6 7AB,GB,United Kingdom
female,Katherine,Wall,21 Scotsburn Rd,TAMERTON FOLIOT,,,PL5 4UE,GB,United Kingdom
male,Jamie,Fowler,17 South Street,MOIRA,,,DE12 1QH,GB,United Kingdom
female,Charlie,Oliver,16 Cloch Rd,ST HELENS,,,WA10 4RF,GB,United Kingdom
female,Chloe,Vincent,77 Spilman Street,GOTT,,,ZE2 5GL,GB,United Kingdom
female,Alexandra,Robson,7 Hart Road,NORTHORPE,,,PE10 0UR,GB,United Kingdom
female,Alisha,Ryan,34 Bouverie Road,WESTON,,,AB56 3ZW,GB,United Kingdom
male,Aidan,Spencer,67 Baldock Street,NEWTOWN,,,AB44 9PG,GB,United Kingdom
male,Peter,Fry,38 Iffley Road,BROADOAK,,,SA32 8YH,GB,United Kingdom
female,Tia,Phillips,10 Walden Road,GREENHAM,,,TA21 7TL,GB,United Kingdom
female,Jennifer,Gibbons,70 Walden Road,GREENS NORTON,,,NN12 2TD,GB,United Kingdom
female,Amy,Davies,45 Manor Close,DIXTON,,,GL20 1YN,GB,United Kingdom
male,Finlay,Booth,65 Warren St,WEST GRINSTEAD,,,RH13 0EY,GB,United Kingdom
female,Abby,James,94 Ramsgate Rd,WILLINGTON CORNER,,,CW6 2BR,GB,United Kingdom
male,Louis,O'Neill,37 Jedburgh Road,LEPE,,,SO45 4FG,GB,United Kingdom
male,John,Flynn,62 Pier Road,STAPLEFORD,,,SG14 2PL,GB,United Kingdom
male,Josh,Grant,97 Ramsgate Rd,WIGGONBY,,,CA7 4LJ,GB,United Kingdom
female,Imogen,Moss,40 Caradon Hill,UIG,,,PA78 3TH,GB,United Kingdom
female,Harriet,Martin,59 Rhosddu Rd,FILLONGLEY,,,CV7 6FJ,GB,United Kingdom
male,Edward,Wells,41 Clasper Way,HEWTON,,,EX20 0DY,GB,United Kingdom
male,Charles,Mahmood,89 Temple Way,WITHIEL,,,PL30 3WA,GB,United Kingdom
female,Morgan,Fry,17 Farburn Terrace,LITTLE HALLINGBURY,,,CM22 0RS,GB,United Kingdom
female,Morgan,Byrne,11 Exning Road,HARGRAVE,,,IP29 0HD,GB,United Kingdom
female,Harriet,Davies,12 Dunmow Road,GRINDLOW,,,SK17 6DP,GB,United Kingdom
male,Spencer,Perry,31 Moulton Road,HACKLETON,,,NN7 9UW,GB,United Kingdom
male,Ethan,Gough,64 Roman Rd,LEITH,,,EH6 9EB,GB,United Kingdom
male,Zak,Gray,46 New Dover Rd,WALLYFORD,,,EH21 9TA,GB,United Kingdom
female,Jade,Davison,29 Exning Road,HANWORTH,,,NR11 8ZP,GB,United Kingdom
female,Eva,Peacock,77 Ponteland Rd,HUMBIE,,,EH36 0PA,GB,United Kingdom
male,Benjamin,Peters,31 Stone St,CRAYFORD,,,DA1 3DQ,GB,United Kingdom
male,Sebastian,Bond,18 Wade Lane,SALCOTT,,,CM9 1JW,GB,United Kingdom
male,Freddie,Lord,42 Peachfield Road,CHANDLER'S FORD,,,SO53 6EE,GB,United Kingdom
female,Demi,Porter,2 Ploughley Rd,TOFT,,,ZE2 9HB,GB,United Kingdom
female,Abbie,Nelson,77 Crown Street,LONG ITCHINGTON,,,CV23 4XS,GB,United Kingdom
male,Billy,Browne,21 Redcliffe Way,WOOLMERE GREEN,,,B60 4BW,GB,United Kingdom
female,Skye,Cunningham,12 Wood Lane,BAINBRIDGE,,,DL8 4FG,GB,United Kingdom
female,Jade,Richardson,78 Main Rd,FORDSTREET,,,CO6 1JD,GB,United Kingdom
male,Noah,Carey,26 Wrexham Rd,EXNING,,,CB8 4AZ,GB,United Kingdom
female,Georgia,Potter,17 Brynglas Road,GLOUCESTER,,,GL1 4JG,GB,United Kingdom
male,David,Connolly,32 St Denys Road,POTARCH,,,AB31 6DL,GB,United Kingdom
female,Alice,Lawson,62 Cheriton Rd,WEST PENTIRE,,,TR8 2XY,GB,United Kingdom
male,Aidan,Gibson,74 Roman Rd,LEEMING BAR,,,DL7 4LE,GB,United Kingdom
female,Holly,Preston,89 Hounslow Rd,SOLE STREET,,,CT4 5SB,GB,United Kingdom
female,Courtney,Douglas,38 Fore St,TREVINE,,,SA62 6UZ,GB,United Kingdom
male,Connor,Hope,67 Copthorne Way,CAMBUS O'MAY,,,AB34 5PW,GB,United Kingdom
male,Liam,Farrell,45 Church Way,BRADFIELD COMBUST,,,IP30 2YG,GB,United Kingdom
male,James,Archer,88 Fosse Way,ARDTUR,,,PA38 6PN,GB,United Kingdom
female,Victoria,Cook,98 Thirsk Road,BLAIR DRUMMOND,,,FK9 0WW,GB,United Kingdom
male,Sam,Graham,53 Kent Street,CRONBERRY,,,KA18 7ZD,GB,United Kingdom
female,Mollie,Ross,32 Rhosddu Rd,FERSFIELD,,,IP22 0NX,GB,United Kingdom
female,Jessica,Birch,60 Hendford Hill,MOSS,,,DN6 6BX,GB,United Kingdom
male,Peter,Buckley,4 Crescent Avenue,DUDDINGSTON,,,EH15 5FJ,GB,United Kingdom
male,Samuel,Farmer,34 Whitby Road,DENHEAD,,,AB42 4RJ,GB,United Kingdom
male,Kian,Nolan,72 Ermin Street,WRINEHILL,,,CW3 4JD,GB,United Kingdom
female,Alexandra,Barnes,48 Southern Way,NORTH END,,,LU7 7PG,GB,United Kingdom
male,Jack,Lynch,37 High St,THREXTON HILL,,,IP25 2LX,GB,United Kingdom
female,Georgia,Griffin,93 High St,THROCKLEY,,,NE15 8PS,GB,United Kingdom
female,Natasha,Giles,19 Simone Weil Avenue,WELBORNE,,,NR20 8XS,GB,United Kingdom
female,Melissa,Kirk,66 Whitchurch Road,ELTON,,,CH2 5XW,GB,United Kingdom
male,Peter,Clements,23 Exning Road,HAREDEN,,,BB7 8EG,GB,United Kingdom
female,Amelia,Clements,35 Sutton Wick Lane,BRIERLEY,,,S72 3TE,GB,United Kingdom
male,Liam,Goddard,16 Hertingfordbury Rd,NEWNHAM,,,GL14 3SW,GB,United Kingdom
male,Anthony,Brookes,51 Fosse Way,ARDWALL,,,DG7 6GE,GB,United Kingdom
male,Peter,Coleman,51 High Street,ASHPERTON,,,HR8 7WA,GB,United Kingdom
female,Alice,Hayes,20 Park End St,BROOME,,,SY7 6AU,GB,United Kingdom
male,Aidan,Pearce,43 Glandovey Terrace,TREGARE,,,NP5 8YY,GB,United Kingdom
female,Lydia,Davis,77 Caxton Place,BYFLEET,,,KT14 1LW,GB,United Kingdom
male,Taylor,Bevan,66 Moulton Road,GUSTON,,,CT15 3QS,GB,United Kingdom
female,Scarlett,O'Neill,41 Preston Rd,MORTIMER'S CROSS,,,HR6 1SL,GB,United Kingdom
female,Danielle,Anderson,72 Scarcroft Road,PORT TALBOT,,,SA12 7TG,GB,United Kingdom
male,Spencer,Jenkins,77 Netherpark Crescent,STERT,,,SN10 1HE,GB,United Kingdom
male,Louis,Welch,3 Carriers Road,CROESGOCH,,,SA62 4UP,GB,United Kingdom
male,Nathan,Shaw,22 Argyll Road,LIZARD,,,TR12 3LD,GB,United Kingdom
female,Madison,O'Donnell,68 High St,THRINGARTH,,,DL12 6DH,GB,United Kingdom
female,Elizabeth,Herbert,92 Hounslow Rd,SMALLBURN,,,AB42 6RN,GB,United Kingdom
male,Joseph,Howe,38 Pendwyallt Road,BURWARTON,,,WV16 5PB,GB,United Kingdom
male,Rhys,Page,52 Lammas Street,GREAT CARLTON,,,LN11 8TE,GB,United Kingdom
female,Paige,Brooks,49 Friar Street,CLAYWORTH,,,DN22 0TQ,GB,United Kingdom
female,Tegan,Schofield,75 Whitby Road,DENTON,,,CT4 2ZR,GB,United Kingdom
female,Sofia,Gough,11 Main St,ABERYSCIR,,,LD3 0PN,GB,United Kingdom
female,Victoria,Long,62 West Lane,DALGETY BAY,,,KY11 3FJ,GB,United Kingdom
male,Dylan,Hussain,42 Bridge Street,GOETRE,,,NP4 0EX,GB,United Kingdom
male,Charlie,Hodgson,87 Bishopgate Street,SCRIVEN,,,HG5 0YQ,GB,United Kingdom
female,Katie,Reeves,35 Golf Road,SWANLAND,,,HU14 7HW,GB,United Kingdom
female,Imogen,Bradley,20 Stone Cellar Road,KINGSNORTH,,,TN23 4PL,GB,United Kingdom
female,Alexandra,Fry,7 Russell Rd,SHEPPERTON,,,TW17 1LJ,GB,United Kingdom
male,Alfie,Goodwin,43 Fordham Rd,HADSTOCK,,,CB1 3ZY,GB,United Kingdom
male,Zachary,McKenzie,3 Bouverie Road,WESTMILL,,,SG9 9XD,GB,United Kingdom
female,Skye,Cross,62 Kingsway North,HOLLOWELL,,,NN6 7FG,GB,United Kingdom
male,Mohammed,Giles,83 Malcolm Rd,LLANFAGLAN,,,LL54 3PU,GB,United Kingdom
male,Harry,Parry,41 Hounslow Rd,SNODLAND,,,ME6 9SY,GB,United Kingdom
male,Oliver,Gordon,57 Caxton Place,CADBURY,,,EX5 5TU,GB,United Kingdom
female,Poppy,Willis,64 Gloucester Road,CILYBEBYLL,,,SA8 7ZU,GB,United Kingdom
female,Jodie,Bevan,84 Castledore Road,TWYWELL,,,NN14 9WR,GB,United Kingdom
female,Amelia,Howarth,3 Sandyhill Rd,FULNETBY,,,LN3 4FT,GB,United Kingdom
female,Eva,Brady,46 Broomfield Place,STORETON,,,L63 7TE,GB,United Kingdom
male,Freddie,Hayes,76 Great Western Road,LONGDON,,,WS15 1XA,GB,United Kingdom
male,Mohammad,Owens,54 Exning Road,HARDY'S GREEN,,,CO2 7ZP,GB,United Kingdom
female,Lauren,Wilkins,46 Exning Road,HARDINGSTONE,,,NN4 1ZY,GB,United Kingdom
female,Alice,Saunders,77 Front Street,KNOCKNAHA,,,PA28 2JY,GB,United Kingdom
male,Muhammad,Humphreys,15 Guildford Rd,EAST LUTTON,,,YO17 0SB,GB,United Kingdom
male,Ben,Cooper,87 Colorado Way,RHYD-Y-FRO,,,SA8 0AF,GB,United Kingdom
male,Ethan,Stevenson,92 Sutton Wick Lane,BRILL,,,HP18 6RW,GB,United Kingdom
female,Lucy,Hawkins,82 Layburn Court,TRAP,,,SA19 9QZ,GB,United Kingdom
male,Kian,Wilkinson,35 Sea Road,LALESTON,,,CF32 0FT,GB,United Kingdom
female,Daisy,Murphy,44 Harehills Lane,ROWANBURN,,,DG14 3UZ,GB,United Kingdom
female,Eve,Rowley,21 Spilman Street,GRAFHAM,,,GU5 8TH,GB,United Kingdom
female,Naomi,Bradley,15 Boar Lane,SEVINGTON,,,TN24 2RR,GB,United Kingdom
female,Freya,Fraser,62 Holburn Lane,HELLAND,,,PL30 5YE,GB,United Kingdom
female,Tegan,Woods,81 Stroude Road,SINDERHOPE,,,NE47 9SH,GB,United Kingdom
male,Joshua,Norton,12 Thames Street,BOOTHTOWN,,,HX3 5HQ,GB,United Kingdom
male,Muhammad,Higgins,34 Mill Lane,COSTA,,,KW17 7SJ,GB,United Kingdom
male,Archie,Mahmood,30 Bury Rd,HAMMERWOOD,,,RH19 8WU,GB,United Kingdom
female,Olivia,Shaw,53 Northgate Street,BETTON,,,TF9 7GE,GB,United Kingdom
male,Freddie,Richardson,37 Ramsgate Rd,WILDEN,,,MK44 2EE,GB,United Kingdom
male,John,Thomson,78 Station Rd,RABY,,,L63 0ZL,GB,United Kingdom
male,Billy,Chandler,22 Dunmow Road,GRIMSTONE,,,DT2 5PT,GB,United Kingdom
female,Grace,Fletcher,52 London Road,COMPSTALL,,,SK6 2XE,GB,United Kingdom
male,Jonathan,Whittaker,48 Bath Rd,WOODCHURCH,,,CH49 0JX,GB,United Kingdom
male,Lucas,Harris,11 Dunmow Road,GROESLON,,,LL54 3LL,GB,United Kingdom
female,Katie,Doyle,75 Southern Way,NORTH RODE,,,CW12 5UG,GB,United Kingdom
male,Jake,Pollard,3 Newgate Street,KEASDEN,,,LA2 6ZA,GB,United Kingdom
male,Zak,Miller,92 London Road,COMMONDALE,,,YO21 0YQ,GB,United Kingdom
female,Scarlett,Short,31 Glenurquhart Road,BALGOWN,,,IV51 3GT,GB,United Kingdom
male,Kai,Lord,32 Netherpark Crescent,STAVERTON,,,NN11 9XD,GB,United Kingdom
male,Liam,Bull,34 Botley Road,MIDDLE RASEN,,,LN8 0EJ,GB,United Kingdom
female,Amy,Carey,16 Prince Consort Road,KENNERLEIGH,,,EX17 0UD,GB,United Kingdom
male,Harley,Evans,58 Constitution St,LLANPUMSAINT,,,SA33 8YY,GB,United Kingdom
male,Liam,Wade,64 Guildry Street,GARABAL,,,G83 9HD,GB,United Kingdom
female,Amber,Davison,74 Scotsburn Rd,TALWRN,,,LL14 8LD,GB,United Kingdom
male,Anthony,Harper,33 Bury Rd,HAMSTEAD MARSHALL,,,RG20 9QJ,GB,United Kingdom
female,Evie,Hancock,62 Boar Lane,SEVERN STOKE,,,WR8 2BA,GB,United Kingdom
male,Muhammad,Walton,74 Rhosddu Rd,FILMORE HILL,,,GU34 2AE,GB,United Kingdom
female,Georgia,Franklin,20 St Andrews Lane,DALBLAIR,,,KA18 5XT,GB,United Kingdom
male,Liam,Jenkins,77 Coast Rd,KIRKINNER,,,DG8 3DQ,GB,United Kingdom
male,Jude,Bradshaw,4 Wrexham Road,FAWLER,,,OX7 3ZQ,GB,United Kingdom
female,Lily,Rowley,40 Bath Rd,WOODFORD,,,EX23 4NW,GB,United Kingdom
female,Samantha,Clements,62 Manor Close,DIXTON,,,NP5 7HX,GB,United Kingdom
male,Evan,Storey,90 Castledore Road,TWYNLLANAN,,,SA19 5WP,GB,United Kingdom
male,Charles,Abbott,6 Wrexham Rd,FAIRSEAT,,,TN15 5RG,GB,United Kingdom
male,Sebastian,Warren,82 Seaford Road,CULSHABBIN,,,DG8 4BG,GB,United Kingdom
male,Jacob,Cooke,72 Station Rd,QUARLEY,,,SP11 3GQ,GB,United Kingdom
female,Poppy,Kelly,29 Redcliffe Way,WOODSIDE,,,SY7 5DL,GB,United Kingdom
female,Katherine,Kemp,65 Wern Ddu Lane,LUDAG,,,HS8 3SZ,GB,United Kingdom
female,Lara,Moss,56 Vicar Lane,SARN,,,SY16 2SH,GB,United Kingdom
male,Kyle,Kay,52 South Street,MOLLINGTON,,,OX17 9DL,GB,United Kingdom
female,Molly,Bell,44 Seafield Street,LLAWR-Y-DREF,,,LL53 5ZS,GB,United Kingdom
male,Kyle,Henry,55 Cunnery Rd,MALTBY LE MARSH,,,LN13 8UZ,GB,United Kingdom
female,Isabel,Preston,94 Vicar Lane,SANDRINGHAM,,,PE35 4NU,GB,United Kingdom
female,Grace,Wade,44 Newmarket Road,HAWKERIDGE,,,BA13 9ND,GB,United Kingdom
male,Josh,Mellor,98 Hudson St,DUNGAVEL,,,ML10 6JB,GB,United Kingdom
female,Demi,Fowler,17 Sandyhill Rd,GAERWEN,,,LL60 9LP,GB,United Kingdom
male,Harry,Johnston,8 Prince Consort Road,KENCHESTER,,,HR4 2ZX,GB,United Kingdom
female,Tilly,Pope,98 Bridge Street,GOLAN,,,LL49 9FZ,GB,United Kingdom
male,Leon,Jordan,1 Park Avenue,LAYCOCK,,,BD22 7QP,GB,United Kingdom
female,Charlie,Barton,30 Henley Road,BOWSIDE LODGE,,,KW14 1PN,GB,United Kingdom
female,Alice,Kerr,21 Rowland Rd,ORRISDALE,,,IM6 9SD,GB,United Kingdom
female,Natasha,Matthews,85 Peachfield Road,CHAPEL ALLERTON,,,LS7 8LA,GB,United Kingdom
male,Charles,Vaughan,39 Shore Street,STOKE,,,ME3 7SS,GB,United Kingdom
male,Muhammad,Oliver,96 Broomfield Place,STONEY STRETTON,,,SY5 3HB,GB,United Kingdom
male,Nicholas,Cooke,8 Mounthoolie Lane,SUTTON GREEN,,,GU4 7JW,GB,United Kingdom
male,Anthony,Freeman,20 Newmarket Road,HEADLEY,,,GU35 8QZ,GB,United Kingdom
female,Amber,Lee,6 Walden Road,GREENSKARES,,,AB45 9DP,GB,United Kingdom
female,Charlotte,McDonald,52 North Promenade,DOUGLAS HILL,,,LL57 6DJ,GB,United Kingdom
male,Max,Hooper,66 Whitchurch Road,ELSECAR,,,S74 9QR,GB,United Kingdom
male,Joel,Hawkins,20 Ramsgate Rd,WILDEN,,,DY13 0LN,GB,United Kingdom
female,Rebecca,Howe,44 Emerson Road,KIRKBY,,,L32 5TZ,GB,United Kingdom
female,Leah,Moore,22 Ramsgate Rd,WIGHILL,,,LS24 5XG,GB,United Kingdom
male,Joel,Hughes,50 Mounthoolie Lane,SUTTON,,,LN5 8LA,GB,United Kingdom
female,Daisy,Turner,41 Mill Lane,CORRACHREE,,,AB34 9UZ,GB,United Kingdom
female,Yasmin,Reed,74 Iffley Road,BRISTON,,,NR24 9HW,GB,United Kingdom
male,Ethan,Greenwood,57 Sutton Wick Lane,BRIDGEND,,,EH49 7QA,GB,United Kingdom
male,Joseph,Bell,11 East Street,MARKET DRAYTON,,,TF9 0RH,GB,United Kingdom
male,Mohammed,Parkinson,32 St James Boulevard,HOUGHTON,,,SO20 2LJ,GB,United Kingdom
female,Megan,Frost,62 Iffley Road,BROADWATER,,,SG2 3TB,GB,United Kingdom
male,Gabriel,Akhtar,38 Freezeland Lane,CRADLEY,,,WR13 6FL,GB,United Kingdom
female,Phoebe,Russell,15 Station Rd,PWLL-Y-GLAW,,,SA12 4YR,GB,United Kingdom
male,Harrison,Slater,66 High Street,ASHBRITTLE,,,TA21 9TG,GB,United Kingdom
female,Madison,Weston,17 Thirsk Road,BLEAK HEY NOOK,,,OL3 4AB,GB,United Kingdom
female,Laura,Iqbal,99 City Walls Rd,CLOPHILL,,,MK45 5BW,GB,United Kingdom
female,Eve,Bray,36 St Andrews Lane,DALCAIRNIE,,,KA6 1WQ,GB,United Kingdom
male,Aidan,Bibi,79 Horsefair Green,OLDBURY,,,TN15 6EW,GB,United Kingdom
female,Skye,Nixon,24 Old Chapel Road,GARTNATRA,,,PA43 1TY,GB,United Kingdom
female,Laura,Barker,75 St Denys Road,PORTREE,,,IV51 9NP,GB,United Kingdom
female,Rebecca,Blackburn,94 Wade Lane,SALTBURN-BY-THE-SEA,,,TS12 3RN,GB,United Kingdom
male,Scott,Iqbal,49 Newmarket Road,HEALEY,,,HG4 4AH,GB,United Kingdom
male,John,Gould,31 Grey Street,KERRYCROY,,,PA20 4DT,GB,United Kingdom
male,Lucas,Hutchinson,83 Fox Lane,BOARHILLS,,,KY16 8TX,GB,United Kingdom
male,Gabriel,Mitchell,38 Golden Knowes Road,FRAISTHORPE,,,YO15 4TL,GB,United Kingdom
female,Eloise,Vaughan,41 Hendford Hill,MOSS SIDE,,,PR4 3BG,GB,United Kingdom
male,Joshua,Hilton,37 North Promenade,DOSTHILL,,,B77 1JP,GB,United Kingdom
female,Hollie,Robson,31 Ponteland Rd,HOYLAND,,,S74 9ZN,GB,United Kingdom
female,Zoe,Lloyd,15 Great North Road,AMULREE,,,PH8 0DF,GB,United Kingdom
female,Evie,Webb,26 Witney Way,KNIPOCH,,,PA34 2GP,GB,United Kingdom
female,Tia,Connolly,62 Station Rd,PYLE,,,PO38 5UD,GB,United Kingdom
male,Billy,Rees,90 Scarcroft Road,PORTH MELLIN,,,TR12 9RB,GB,United Kingdom
male,Hayden,Carr,83 St James Boulevard,HORTON,,,NN7 1GG,GB,United Kingdom
male,Kieran,Rahman,17 Moulton Road,GURNEY SLADE,,,BA3 0BH,GB,United Kingdom
male,Ewan,Godfrey,14 Bury Rd,HAMPTON BISHOP,,,HR1 0GE,GB,United Kingdom
male,Sam,Bennett,26 Hart Road,NORTH WIDCOMBE,,,BS18 1RB,GB,United Kingdom
male,Jude,Alexander,60 Thirsk Road,BLAENAVON,,,NP4 7EW,GB,United Kingdom
female,Skye,Burgess,18 Stroude Road,SILVERDALE,,,ST5 1QU,GB,United Kingdom
female,Tilly,Wilkinson,59 Emerson Road,KINNERTON,,,LD8 2LU,GB,United Kingdom
female,Lucy,Barber,15 Hudson St,DUNINO,,,KY16 9NQ,GB,United Kingdom
female,Aimee,Walton,75 Bullwood Rd,ST BUDEAUX,,,PL5 9PF,GB,United Kingdom
male,Liam,Gibbs,7 Vicar Lane,SANNDABHAIG,,,HS1 8NU,GB,United Kingdom
female,Matilda,Boyle,33 Southend Avenue,BLACKPOOL GATE,,,CA6 9FS,GB,United Kingdom
female,Zara,Hayes,82 Exning Road,HARLTON,,,CB3 1EZ,GB,United Kingdom
female,Lola,Bryant,9 East Street,MAREFIELD,,,LE15 2RT,GB,United Kingdom
female,Amelia,Edwards,44 Mounthoolie Lane,SUNDERLAND,,,CA13 2XP,GB,United Kingdom
female,Elise,Dale,64 St Omers Road,HOLBEACH ST JOHNS,,,PE12 4NF,GB,United Kingdom
male,Jacob,Hill,73 Sutton Wick Lane,BRIDGES,,,SY5 9WB,GB,United Kingdom
female,Abbie,Begum,2 Seafield Street,LLECHRYD,,,SA43 3NY,GB,United Kingdom
male,Alfie,Franklin,67 Bury Rd,HAM,,,CT14 5ZP,GB,United Kingdom
male,David,Rowley,89 Front St,HENWICK,,,WR2 7ES,GB,United Kingdom
female,Alexandra,Cole,77 Whitby Road,DENTON,,,NN7 9WS,GB,United Kingdom
male,Patrick,Davison,16 Shore Street,STOCKTON,,,HR6 6PQ,GB,United Kingdom
male,Charles,Bradshaw,7 Grey Street,KILBRIDEMORE,,,PA22 9NP,GB,United Kingdom
female,Abby,Holloway,59 Graham Road,CHELDON,,,EX18 4UE,GB,United Kingdom
male,Taylor,Donnelly,89 Ballifeary Road,BALNAKEIL,,,IV27 1DR,GB,United Kingdom
male,Zachary,Bell,94 Whatlington Road,COTTON END,,,MK45 7HZ,GB,United Kingdom
female,Francesca,Hope,49 Manor Close,DINWOODIE MAINS,,,DG11 0LA,GB,United Kingdom
male,Lucas,Bruce,85 Ramsgate Rd,WIGMORE,,,HR6 9AH,GB,United Kingdom
male,Finley,Stewart,26 Glenurquhart Road,BALBLAIR,,,IV24 1XN,GB,United Kingdom
male,Charles,Baxter,46 York Road,OVERTON,,,YO30 7YZ,GB,United Kingdom
female,Amber,Steele,17 Kingsway North,HOLKHAM,,,NR23 7UJ,GB,United Kingdom
male,Jamie,Khan,43 Earls Avenue,WHITE END,,,GL19 4LZ,GB,United Kingdom
female,Yasmin,Wallace,98 Abbey Row,NORTON LINDSEY,,,CV35 6NB,GB,United Kingdom
male,Peter,Bailey,69 Golden Knowes Road,FRENCHBEER,,,TQ13 0QA,GB,United Kingdom
female,Kiera,Steele,76 Walden Road,GREENHILL,,,HA1 5WG,GB,United Kingdom
male,Spencer,Bell,80 Kingsway North,HOLMFIRTH,,,HD7 2LS,GB,United Kingdom
female,Scarlett,Bartlett,43 City Walls Rd,CLYDACH,,,SA6 4QE,GB,United Kingdom
male,Connor,McCarthy,23 Newport Road,CARNBO,,,KY13 7US,GB,United Kingdom
female,Madison,Sutton,56 Castledore Road,TURTON BOTTOMS,,,BL7 9YH,GB,United Kingdom
female,Natasha,Burke,40 Petworth Rd,DYFFRYN CASTELL,,,SY23 3NH,GB,United Kingdom
female,Georgia,Clements,7 Terrick Rd,ELLOUGHTON,,,HU15 8YA,GB,United Kingdom
male,Evan,Shepherd,16 Caxton Place,BUSBRIDGE,,,GU7 6FB,GB,United Kingdom
male,William,Matthews,35 Shore Street,STOKE POGES,,,SL2 4TB,GB,United Kingdom
female,Lily,Young,7 Preston Rd,MOORSIDE,,,OL4 6YR,GB,United Kingdom
male,Archie,Bruce,97 Wrexham Rd,FAIRSEAT,,,TN15 9UR,GB,United Kingdom
female,Lucy,Carter,23 Coast Rd,KIRKMAIDEN,,,DG9 2WR,GB,United Kingdom
female,Jasmine,Doherty,18 Park Place,CARSTAIRS JUNCTION,,,ML11 9EE,GB,United Kingdom
female,Abigail,Knowles,23 Russell Rd,SHIREBROOK,,,NG20 8LD,GB,United Kingdom
male,Mohammad,Stephens,60 Grey Street,KIDDERMINSTER,,,DY10 1RH,GB,United Kingdom
male,Ethan,Law,75 Bootham Crescent,RIPON,,,HG4 2PW,GB,United Kingdom
female,Keira,Butcher,60 Duckpit Lane,UPTON,,,PE17 5JY,GB,United Kingdom
male,Jamie,Flynn,77 Shore Street,STOCKERSTON,,,LE15 5EW,GB,United Kingdom
male,Mason,Fry,69 Victoria Road,LITTLE BARFORD,,,PE19 9WJ,GB,United Kingdom
female,Jasmine,Simmons,55 Park Terrace,GELLILYDAN,,,LL41 2DD,GB,United Kingdom
female,Kate,Ryan,87 Shire Oak Road,SCOTHERN,,,LN2 6PG,GB,United Kingdom
male,Billy,Steele,38 Grey Street,KERSWELL GREEN,,,WR5 0AR,GB,United Kingdom
male,Mohammed,Pratt,28 Marlborough Crescent,SOUTH RADWORTHY,,,EX36 1UW,GB,United Kingdom
male,Logan,Russell,25 Pendwyallt Road,BURNTON,,,KA6 4SL,GB,United Kingdom
male,Elliot,Chadwick,73 Malcolm Rd,LLANENGAN,,,LL53 4JQ,GB,United Kingdom
male,Scott,Long,49 Cheriton Rd,WEST STOUGHTON,,,BS28 7PH,GB,United Kingdom
female,Lucy,Knight,54 Moulton Road,GWAYNYNOG,,,LL16 1NY,GB,United Kingdom
male,Kian,Ross,36 Ramsgate Rd,WILLINGTON,,,DL15 5US,GB,United Kingdom
male,Ellis,Bryan,79 Seafield Street,LLANYCEFN,,,SA66 1NY,GB,United Kingdom
male,Joshua,Mellor,20 Eastbourne Rd,COLAN,,,TR8 1WB,GB,United Kingdom
female,Eve,Bray,48 Wern Ddu Lane,LUDBOROUGH,,,DN36 2QU,GB,United Kingdom
male,Evan,Burton,60 Old Chapel Road,GARVOCK,,,PA16 0JR,GB,United Kingdom
female,Isabel,Lees,6 Whitby Road,DENTON,,,OX44 7SE,GB,United Kingdom
male,Joshua,Glover,93 Emerson Road,KINSLEY,,,WF9 2YX,GB,United Kingdom
male,Oliver,Noble,75 Copthorne Way,CAMELFORD,,,PL32 6TD,GB,United Kingdom
female,Courtney,Gregory,24 Essex Rd,TARRANT CRAWFORD,,,DT11 5BU,GB,United Kingdom
male,Jay,Mahmood,15 Telford Street,BARDISTER,,,ZE2 4ZT,GB,United Kingdom
female,Elizabeth,North,47 Dunmow Road,GREWELTHORPE,,,HG4 2PX,GB,United Kingdom
male,Joel,Perkins,3 Farburn Terrace,LITTLE OAKLEY,,,NN18 9SA,GB,United Kingdom
female,Sofia,Davison,44 Lammas Street,GREAT EASTON,,,LE16 7HF,GB,United Kingdom
male,Alfie,Barlow,55 Prince Consort Road,KENCHESTER,,,HR4 5PQ,GB,United Kingdom
female,Daisy,Kirk,5 Ballifeary Road,BAMFORD,,,S30 2LN,GB,United Kingdom
female,Hollie,Archer,23 Gloddaeth Street,BIRCHANGER,,,CM23 1LT,GB,United Kingdom
male,Kian,Dean,15 Well Lane,PATH OF CONDIE,,,PH2 2ES,GB,United Kingdom
female,Louise,Howarth,22 Rhosddu Rd,FFOREST-FACH,,,SA5 0EX,GB,United Kingdom
female,Lauren,Metcalfe,38 Park End St,BROOKS GREEN,,,RH13 3EF,GB,United Kingdom
female,Tilly,Fisher,72 Wern Ddu Lane,LYDD,,,TN29 1EF,GB,United Kingdom
male,Joshua,Hutchinson,83 Glenurquhart Road,BALCHERRY,,,IV19 9EN,GB,United Kingdom
female,Katie,Hale,40 Stamford Road,ANELOG,,,LL53 7AJ,GB,United Kingdom
male,Jonathan,Archer,77 Telford Street,BARGOED,,,CF81 3UG,GB,United Kingdom
male,Nathan,Sims,2 Haslemere Road,EASTERTOWN,,,BS24 8GF,GB,United Kingdom
male,Aidan,Davison,48 Horsefair Green,OLDMELDRUM,,,AB51 9ZD,GB,United Kingdom
male,Jacob,Walsh,58 Emerson Road,KIRK IRETON,,,DE6 3EL,GB,United Kingdom
male,Finlay,Cook,39 St Omers Road,HOGNASTON,,,DE6 1SN,GB,United Kingdom
male,Ryan,Hargreaves,96 London Road,COLN ST ALDWYNS,,,GL7 0XR,GB,United Kingdom
male,Jayden,Lewis,44 Telford Street,BARDON,,,LE67 9LY,GB,United Kingdom
female,Abby,Clements,33 Glandovey Terrace,TREFRIW,,,LL27 0GY,GB,United Kingdom
female,Chloe,Houghton,68 Leicester Road,BACKFORD,,,CH2 4XX,GB,United Kingdom
female,Demi,Manning,1 Holgate Rd,RAMSCRAIGS,,,KW6 9XB,GB,United Kingdom
male,Kai,White,70 Wade Lane,SALTERSWALL,,,CW7 3RG,GB,United Kingdom
female,Yasmin,Perry,6 Shannon Way,CHIPSTEAD,,,TN13 7GD,GB,United Kingdom
female,Megan,Browne,67 Harehills Lane,RUCKINGE,,,TN26 9PE,GB,United Kingdom
female,Matilda,Sharpe,76 Sutton Wick Lane,BRINDLEY FORD,,,ST8 8HZ,GB,United Kingdom
male,Luca,Fitzgerald,17 South Crescent,MACHEN,,,NP1 3SX,GB,United Kingdom
male,Aaron,Jackson,40 Stone Cellar Road,KINGSTON,,,IV32 4BY,GB,United Kingdom
male,Jude,Savage,93 Well Lane,PARROG,,,SA42 9UR,GB,United Kingdom
male,David,Webster,6 Telford Street,BARLEY,,,SG8 5RH,GB,United Kingdom
female,Zara,Watkins,10 Holgate Rd,RANTON,,,ST18 5FU,GB,United Kingdom
female,Ella,Davies,78 Harehills Lane,ROWLY,,,GU5 0QW,GB,United Kingdom
male,John,Burton,59 London Road,COLNEY STREET,,,AL2 4QQ,GB,United Kingdom
male,Lucas,Wallace,71 Guildford Rd,EAST GINGE,,,OX12 2UB,GB,United Kingdom
female,Imogen,Thorpe,28 Emerson Road,KINTON,,,SY7 0GZ,GB,United Kingdom
male,Kyle,Kemp,75 Hampton Court Rd,SPELDHURST,,,TN3 2ZU,GB,United Kingdom
male,Luke,Horton,57 Bridge Street,GOLDENHILL,,,ST6 3XA,GB,United Kingdom
male,Corey,Norton,15 Crescent Avenue,DUCKINGTON,,,SY14 3WB,GB,United Kingdom
male,Alexander,Buckley,77 Front Street,LACEY GREEN,,,HP27 7DU,GB,United Kingdom
male,George,McCarthy,87 Ramsgate Rd,WILLOUGHBY WATERLEYS,,,LE8 0NS,GB,United Kingdom
male,Bailey,Pearce,98 West Lane,DARLEY DALE,,,DE4 8HD,GB,United Kingdom
male,Andrew,Goodwin,27 Clasper Way,HERTFORD HEATH,,,SG13 4BT,GB,United Kingdom
female,Isabel,Thomson,1 Farburn Terrace,LITTLE END,,,CM5 6RD,GB,United Kingdom
male,Noah,Webster,36 Mill Lane,CORBY GLEN,,,NG33 3AU,GB,United Kingdom
female,Kayleigh,Lewis,38 Seafield Street,LLWYNHENDY,,,SA14 1DZ,GB,United Kingdom
female,Grace,Hunt,35 Old Chapel Road,GEARRANNAN,,,HS2 1YH,GB,United Kingdom
male,Thomas,Cole,96 Kingsway North,HOLTSPUR,,,HP9 5DE,GB,United Kingdom
female,Isabella,Bishop,60 Newport Road,CARLINGCOTT,,,BA2 0DX,GB,United Kingdom
female,Lydia,Griffiths,95 Roman Rd,LEAVENHEATH,,,CO6 0JN,GB,United Kingdom
female,Erin,Sykes,75 Walden Road,GRENDON UNDERWOOD,,,HP18 0XT,GB,United Kingdom
female,Charlie,Bailey,56 Mounthoolie Lane,SUTTON CHENEY,,,CV13 7FT,GB,United Kingdom
female,Tegan,Wallis,30 Constitution St,LLANGRISTIOLUS,,,LL62 7PY,GB,United Kingdom
female,Isabella,Norton,26 Withers Close,ALLHALLOWS,,,ME3 2WJ,GB,United Kingdom
male,Sean,McLean,19 Wrexham Road,FELLING,,,NE10 6YU,GB,United Kingdom
male,Finlay,Godfrey,12 Terrick Rd,EGGLESCLIFFE,,,TS16 0EX,GB,United Kingdom
female,Holly,Flynn,38 Wartnaby Road,ACTON GREEN,,,WR6 7WZ,GB,United Kingdom
male,Jude,Godfrey,38 Berkeley Rd,STRETTON UNDER FOSSE,,,CV23 2QD,GB,United Kingdom
male,Sebastian,Hanson,56 Fosse Way,ARDTEATLE,,,PA33 8XX,GB,United Kingdom
male,Lucas,Cameron,87 Balsham Road,HARVEL,,,DA13 2FX,GB,United Kingdom
female,Isabel,Nash,46 Chapel Lane,ARNOLD,,,NG5 3BR,GB,United Kingdom
male,Muhammad,Blake,22 Front Street,KNOTTINGLEY,,,WF11 8UB,GB,United Kingdom
male,Owen,Rice,92 Telford Street,BARDNEY,,,LN3 9QY,GB,United Kingdom
male,Jack,Peters,26 Kingsway North,HOLME LACY,,,HR2 9RG,GB,United Kingdom
male,Cameron,Howell,30 Hull Road,PANTYFFYNNON,,,SA18 8BS,GB,United Kingdom
male,Freddie,O'Brien,7 Monks Way,TORBEG,,,KA27 1ZS,GB,United Kingdom
male,Noah,Howarth,50 Red Lane,ERISWELL,,,IP28 8LU,GB,United Kingdom
male,Jude,Pickering,73 Oxford Rd,WRAMPLINGHAM,,,NR18 0DQ,GB,United Kingdom
male,Ryan,Fitzgerald,58 Gloddaeth Street,BINFIELD,,,RG42 6FX,GB,United Kingdom
female,Eve,Nixon,92 Harrogate Road,RUSHTON,,,CW6 6WJ,GB,United Kingdom
male,Callum,Bevan,30 Park Place,CARRINGTON,,,PE22 5TX,GB,United Kingdom
male,Benjamin,Campbell,66 Kent Street,CROSS O' THE HANDS,,,DE56 3YT,GB,United Kingdom
male,Jack,Haynes,61 Circle Way,CAIRNRYAN,,,DG9 8FU,GB,United Kingdom
male,Sam,Kennedy,19 West Lane,DANBURY,,,CM3 1GR,GB,United Kingdom
female,Alicia,Coleman,10 Long Street,MILLINGTON,,,YO4 7NA,GB,United Kingdom
female,Samantha,Bray,70 Petworth Rd,DUNSFOLD,,,GU8 8AP,GB,United Kingdom
male,Kieran,Kemp,54 Victoria Road,LITCHBOROUGH,,,NN12 4EQ,GB,United Kingdom
male,Declan,Tucker,61 Fordham Rd,HAILEY,,,OX8 5ZA,GB,United Kingdom
female,Emma,Carr,46 Mounthoolie Lane,SUMMER-HOUSE,,,DL2 4QZ,GB,United Kingdom
male,Muhammad,Steele,42 Pendwyallt Road,BURNHILL GREEN,,,WV6 3JU,GB,United Kingdom
female,Erin,Pearson,97 Baldock Street,NEWTON ABBOT,,,TQ12 2RN,GB,United Kingdom
female,Poppy,Brookes,32 Wrexham Rd,EXFORD,,,TA24 4JE,GB,United Kingdom
male,Ben,McDonald,38 Southlands Road,POLESWORTH,,,B78 8JU,GB,United Kingdom
male,Thomas,Riley,48 Wressle Road,PLEALEY,,,SY5 5LP,GB,United Kingdom
male,Henry,North,44 Haslemere Road,EBBESBORNE WAKE,,,SP5 0YU,GB,United Kingdom
male,Tyler,Harris,94 Sutton Wick Lane,BRIERTON,,,TS22 6UE,GB,United Kingdom
male,Scott,Long,90 Prestwick Road,INNERGELLIE,,,KY10 2HT,GB,United Kingdom
male,Alexander,Slater,3 Holburn Lane,HEIGHINGTON,,,DL5 7PP,GB,United Kingdom
female,Poppy,Barnett,45 Park Place,CARTINGTON,,,NE65 3AR,GB,United Kingdom
female,Rosie,Bates,35 Well Lane,PATHHEAD,,,EH37 1QB,GB,United Kingdom
female,Alexandra,Miller,86 Park Place,CARSE OF ARDESIER,,,IV1 9XY,GB,United Kingdom
female,Eleanor,Flynn,85 Simone Weil Avenue,WATFORD,,,NN6 3WD,GB,United Kingdom
male,Ethan,Nelson,79 Earls Avenue,WHITE LACKINGTON,,,DT2 5DR,GB,United Kingdom
male,Peter,Mason,50 Boat Lane,REDRUTH,,,TR15 5HY,GB,United Kingdom
male,Jack,Browne,55 Pendwyallt Road,BURSLEDON,,,SO31 6PZ,GB,United Kingdom
male,Reece,Williams,6 Dover Road,WESTBURY LEIGH,,,BA13 2RB,GB,United Kingdom
female,Gracie,Hope,14 Harehills Lane,RUCKLEY,,,SY5 5JT,GB,United Kingdom
female,Hollie,Anderson,67 Fore St,TULLICH,,,PA34 1JR,GB,United Kingdom
female,Kate,Morley,86 Circle Way,CALCOTT,,,CT3 7NF,GB,United Kingdom
male,Alfie,Bolton,63 St Omers Road,HOGSTHORPE,,,PE24 3YE,GB,United Kingdom
male,Mohammad,Moran,74 Preston Rd,MOORGREEN,,,NG16 5LL,GB,United Kingdom
male,Lewis,Fry,96 Trinity Crescent,WHEATACRE,,,NR34 5ZY,GB,United Kingdom
female,Laura,Price,44 Scarcroft Road,PORT CHARLOTTE,,,PA48 2HS,GB,United Kingdom
female,Maddison,Gough,90 Rowland Rd,OSBOURNBY,,,NG34 0SU,GB,United Kingdom
male,Joe,Byrne,37 Argyll Street,ST WENN,,,PL30 4AL,GB,United Kingdom
male,Mohammed,Sanderson,70 Hindhead Road,EAST BOLTON,,,NE66 5XR,GB,United Kingdom
female,Skye,Collins,45 Sea Road,LANDYWOOD,,,WS6 3PU,GB,United Kingdom
female,Skye,Mistry,84 Hertingfordbury Rd,NEWSEAT,,,AB51 3LQ,GB,United Kingdom
female,Natasha,Cook,18 Walwyn Rd,CHARTERHOUSE,,,BS18 6GR,GB,United Kingdom
male,Nathan,Warner,18 Thames Street,BOLSTERSTONE,,,S30 9LH,GB,United Kingdom
female,Maddison,Ross,75 Bouverie Road,WESTMILL,,,SG9 4TU,GB,United Kingdom
female,Melissa,White,51 Buckingham Rd,THORPE,,,LN12 8EW,GB,United Kingdom
female,Lauren,Cook,74 Walwyn Rd,CHARINGWORTH,,,GL55 1TS,GB,United Kingdom
male,Dylan,Clark,58 Gloucester Road,CLAIGAN,,,IV55 1FB,GB,United Kingdom
male,Gabriel,Middleton,56 Church Way,BRADBOURNE,,,DE6 6TR,GB,United Kingdom
male,Edward,Hunter,59 Withers Close,ALL STRETTON,,,SY6 1XH,GB,United Kingdom
male,Louis,Thomson,11 Exning Road,HAREHILLS,,,LS9 2TJ,GB,United Kingdom
female,Laura,Daly,96 Emerson Road,KIPPING'S CROSS,,,TN12 7JH,GB,United Kingdom
female,Caitlin,Bartlett,20 St Dunstans Street,WASHFORD,,,TA23 0RB,GB,United Kingdom
female,Eve,Pope,41 Duckpit Lane,UPSALL,,,YO7 2HE,GB,United Kingdom
female,Demi,Sanderson,85 Whatlington Road,COUPLAND,,,CA16 4BJ,GB,United Kingdom
female,Tegan,Jarvis,32 Withers Close,ALLTSIGH,,,IV3 7HA,GB,United Kingdom
female,Imogen,Burrows,58 Main Road,AUGHTON,,,L39 3BT,GB,United Kingdom
female,Madison,Farrell,61 Ramsgate Rd,WIGGATON,,,EX11 2LN,GB,United Kingdom
female,Lily,James,45 Main Road,AUCHREOCH,,,FK20 8AA,GB,United Kingdom
female,Aaliyah,Lowe,48 Terrick Rd,ELM,,,PE14 0LX,GB,United Kingdom
female,Tilly,Walton,39 High St,THURLBY,,,PE10 2LG,GB,United Kingdom
male,Edward,Charlton,63 Scarcroft Road,PORT CLARENCE,,,TS2 5TR,GB,United Kingdom
male,Elliot,Armstrong,38 Marlborough Crescent,SOUTH PARK,,,RH2 6XW,GB,United Kingdom
female,Eleanor,Brennan,35 Asfordby Rd,AITNOCH,,,PH26 0HP,GB,United Kingdom
female,Gracie,Todd,50 Hendford Hill,MOUNTSORREL,,,LE12 9XJ,GB,United Kingdom
female,Tegan,Clarke,57 Walwyn Rd,CHARLCOMBE,,,BA1 5DN,GB,United Kingdom
male,Cameron,Owen,14 Dunmow Road,GRIMSTHORPE,,,PE10 4QL,GB,United Kingdom
male,David,Lee,22 Bishopgate Street,SEFTON,,,L29 3HU,GB,United Kingdom
male,Harry,Kent,34 Witney Way,KIRKTOWN OF AUCHTERLESS,,,AB53 9LR,GB,United Kingdom
male,Corey,Harris,7 Wood Lane,BADGWORTH,,,BS26 4BZ,GB,United Kingdom
female,Madison,Grant,21 Long Street,MILLTOWN,,,EX31 9PD,GB,United Kingdom
female,Eve,Rowe,19 Castledore Road,TULLYBELTON,,,PH1 6SR,GB,United Kingdom
male,Jayden,Carey,60 Coast Rd,KIRKIBOST,,,IV49 6DL,GB,United Kingdom
female,Charlie,Douglas,22 Nenthead Road,HIGH CALLERTON,,,NE20 7HS,GB,United Kingdom
female,Abigail,Clark,36 Dover Road,WESTFIELD MOOR,,,TN35 7AE,GB,United Kingdom
female,Sophia,Henderson,65 Quay Street,NARBOROUGH,,,LE9 5LP,GB,United Kingdom
female,Demi,Burton,23 Freezeland Lane,CRAIGENDORAN,,,G84 5WN,GB,United Kingdom
male,Connor,Morrison,19 Carriers Road,CRESSWELL,,,SA68 9ED,GB,United Kingdom
male,Sebastian,Kirk,61 Marlborough Crescent,SOUTH WESTON,,,OX9 4JH,GB,United Kingdom
female,Jennifer,Duncan,20 Cefn Road,FARTHINGHOE,,,NN13 7TT,GB,United Kingdom
female,Maisie,Scott,45 York Road,OULTON,,,NR32 4WN,GB,United Kingdom
female,Grace,Gibbons,7 Southend Avenue,BLACKBURN,,,AB2 2UA,GB,United Kingdom
male,Jayden,Brown,54 Malcolm Rd,LLANFARIAN,,,SY23 2UD,GB,United Kingdom
female,Katie,Burrows,4 Iffley Road,BRINSWORTH,,,S60 3JQ,GB,United Kingdom
female,Natasha,Randall,65 Fosse Way,ARDCHONNELL,,,PA33 0UY,GB,United Kingdom
female,Ella,Douglas,25 Foregate Street,COALCLEUGH,,,NE47 1FA,GB,United Kingdom
male,Dylan,Griffiths,68 Fosse Way,ARDNAGOINE,,,IV26 0SQ,GB,United Kingdom
female,Anna,Pearson,38 Rowland Rd,OSMINGTON,,,DT3 8FA,GB,United Kingdom
female,Lara,Douglas,63 Sandyhill Rd,FRODSHAM,,,WA6 2GD,GB,United Kingdom
male,Jude,Bibi,35 Duckpit Lane,UPPER LYDBROOK,,,GL17 6YD,GB,United Kingdom
female,Amber,Porter,13 Jubilee Drive,CAVENDISH,,,CO10 9RJ,GB,United Kingdom
female,Melissa,Parsons,22 West Lane,DANESTONE,,,AB22 6GP,GB,United Kingdom
male,Kian,Lucas,40 Hampton Court Rd,SOUTHTOWN,,,NR31 9ZG,GB,United Kingdom
female,Caitlin,Perkins,15 Cambridge Road,NORMANBY,,,YO6 2RJ,GB,United Kingdom
male,Thomas,Bolton,99 George Street,BRYN,,,SA14 5QL,GB,United Kingdom
female,Alice,Barnes,89 St James Boulevard,HOUGHTON,,,BN18 7DW,GB,United Kingdom
female,Millie,Byrne,44 Northgate Street,BIDDULPH,,,ST8 8SS,GB,United Kingdom
male,Harley,Humphries,73 Wenlock Terrace,PETERBURN,,,IV21 8HH,GB,United Kingdom
female,Francesca,Barry,65 Ponteland Rd,HOWE GREEN,,,CM2 2FN,GB,United Kingdom
female,Tegan,Farmer,28 Prospect Hill,DRAYTON,,,OX15 2ND,GB,United Kingdom
female,Louise,Duffy,12 Wade Lane,SAHAM TONEY,,,IP25 0BY,GB,United Kingdom
female,Victoria,Smart,45 Church Way,BRADFIELD ST GEORGE,,,IP30 7EL,GB,United Kingdom
male,Brandon,Duncan,44 Colorado Way,RHYDYFELIN,,,SY23 2ZT,GB,United Kingdom
female,Anna,Fleming,4 Boat Lane,RHANDIRMWYN,,,SA20 9LQ,GB,United Kingdom
female,Ella,Stephens,86 Grenoble Road,BREDFIELD,,,IP13 8QQ,GB,United Kingdom
male,Ethan,Adams,29 Great Western Road,LONGFORD,,,CV6 3GX,GB,United Kingdom
female,Alicia,Holmes,83 Pendwyallt Road,BURTON ON THE WOLDS,,,LE12 3UG,GB,United Kingdom
female,Caitlin,Bryan,15 Crown Street,LONDON,,,WC2A 8TZ,GB,United Kingdom
female,Alice,Wyatt,89 Buckingham Rd,THORNWOOD COMMON,,,CM16 3BW,GB,United Kingdom
male,Benjamin,Tucker,6 Worthy Lane,MATLASKE,,,NR11 0QG,GB,United Kingdom
female,Amelia,Manning,76 Uxbridge Road,SKIRWITH,,,CA10 1LL,GB,United Kingdom
female,Laura,Blackburn,30 Lincoln Green Lane,CHURCH KNOWLE,,,BH20 5BG,GB,United Kingdom
female,Eloise,Barton,38 North Promenade,DORMANSLAND,,,RH7 3WY,GB,United Kingdom
male,Louis,Thompson,62 Graham Road,CHERITON,,,SO24 1DZ,GB,United Kingdom
female,Amy,Storey,32 Marcham Road,BORDLEY,,,BD23 4HF,GB,United Kingdom
female,Chelsea,Myers,33 Sutton Wick Lane,BRINMORE,,,IV1 4DH,GB,United Kingdom
male,John,Ashton,98 Whitby Road,DENTON,,,IP20 8SU,GB,United Kingdom
male,Toby,May,56 Long Street,MILTON,,,CB4 3XG,GB,United Kingdom
female,Jasmine,Riley,33 Fraserburgh Rd,LIDDINGTON,,,SN4 6HU,GB,United Kingdom
female,Daisy,Jordan,29 Witney Way,KISLINGBURY,,,NN7 2QS,GB,United Kingdom
female,Niamh,Briggs,41 Park Row,EDISTONE,,,EX39 8AE,GB,United Kingdom
female,Sophie,Palmer,36 Ploughley Rd,TIRPHIL,,,NP2 2AQ,GB,United Kingdom
male,Andrew,Wallis,74 St James Boulevard,HOUGHTON,,,PE17 0NG,GB,United Kingdom
male,Declan,Manning,61 Marlborough Crescent,SOUTHEND-ON-SEA,,,SS1 1HB,GB,United Kingdom
male,Ewan,Barrett,81 Southern Way,NORTH HILL,,,PL15 7AR,GB,United Kingdom
male,Benjamin,Davies,6 Rowland Rd,ORRISDALE,,,IM6 8NL,GB,United Kingdom
male,Finley,Dixon,40 Asfordby Rd,AINTHORPE,,,YO21 1AY,GB,United Kingdom
female,Gracie,Atkinson,84 Park Place,CASTLE ASHBY,,,NN7 2LJ,GB,United Kingdom
female,Kiera,Walker,58 Thirsk Road,BLAIRSHINNOCH,,,AB45 9BW,GB,United Kingdom
female,Poppy,Brown,63 Cloch Rd,ST NEOTS,,,PE19 2RG,GB,United Kingdom
male,Declan,Carter,38 Argyll Road,LLANAFAN,,,SY23 7LH,GB,United Kingdom
female,Elizabeth,Frost,22 North Promenade,DOWDESWELL,,,GL54 3PX,GB,United Kingdom
male,Corey,Jones,8 George Street,BROUGHTON,,,CH4 2FH,GB,United Kingdom
male,Liam,Bray,45 Redcliffe Way,WOODNESBOROUGH,,,CT13 7ZQ,GB,United Kingdom
male,Christopher,Carroll,28 Union Terrace,LOGGERHEADS,,,TF9 2WJ,GB,United Kingdom
female,Lola,Butcher,31 Abbey Row,NOX,,,SY5 4SU,GB,United Kingdom
female,Jade,Flynn,38 Stone St,CRANBORNE,,,BH21 0BE,GB,United Kingdom
female,Cerys,Austin,13 Red Lane,EVENLODE,,,GL56 2FY,GB,United Kingdom
male,Oliver,Lynch,29 Front St,HENGOED,,,SY10 8BN,GB,United Kingdom
male,Joshua,Bruce,85 Glandovey Terrace,TRESKINNICK CROSS,,,EX23 7HQ,GB,United Kingdom
female,Alisha,Frost,15 Brynglas Road,GLENOGIL,,,DD8 6EP,GB,United Kingdom
female,Phoebe,Henderson,45 Lincoln Green Lane,CHURCH STREET,,,ME3 1LD,GB,United Kingdom
male,Harry,Gill,16 Prospect Hill,DRAYTON,,,PO6 4BT,GB,United Kingdom
male,Samuel,Gordon,53 Holburn Lane,HEASLEY MILL,,,EX36 4BE,GB,United Kingdom
male,Lucas,Wright,43 Iolaire Road,NEW INN,,,NP4 5AA,GB,United Kingdom
female,Hollie,Pugh,97 Academy Street,BENNIWORTH,,,LN3 2ZE,GB,United Kingdom
female,Alexandra,Hardy,89 Osborne Road,KILVAXTER,,,IV51 9PT,GB,United Kingdom
male,Joshua,Conway,97 Whitby Road,DERSINGHAM,,,PE31 4WH,GB,United Kingdom
male,Max,Carroll,65 Fox Lane,BOAT OF GARTEN,,,PH24 8PS,GB,United Kingdom
male,Ewan,McDonald,19 Shore Street,STOCKTON,,,CV23 6UF,GB,United Kingdom
female,Olivia,Ryan,24 Sloe Lane,CRUCKTON,,,SY5 5QU,GB,United Kingdom
male,Daniel,West,31 High St,THREE CHIMNEYS,,,TN27 3PY,GB,United Kingdom
female,Anna,Nicholls,42 Cheriton Rd,WEST MALLING,,,ME19 4PX,GB,United Kingdom
female,Sarah,Chandler,77 Shannon Way,CHITHURST,,,GU31 3YB,GB,United Kingdom
female,Isabelle,Middleton,22 Nottingham Rd,ABERNETHY,,,PH2 7BA,GB,United Kingdom
female,Lily,Elliott,45 Duckpit Lane,UPPER UPHAM,,,SN8 6EZ,GB,United Kingdom
female,Yasmin,Butcher,42 Gloddaeth Street,BINFIELD,,,RG42 6AE,GB,United Kingdom
male,Harry,Stevenson,35 Walden Road,GREAT WHITTINGTON,,,NE19 0DQ,GB,United Kingdom
female,Sophie,Duncan,74 Freezeland Lane,CRAIGENDORAN,,,G84 0JF,GB,United Kingdom
male,Lucas,Blackburn,25 High Street,ASHMANSWORTH,,,RG20 4NJ,GB,United Kingdom
female,Lauren,Fowler,32 Seaford Road,CUMWHITTON,,,CA4 7TH,GB,United Kingdom
male,Bailey,Quinn,58 Witney Way,KNARESBOROUGH,,,HG5 3XX,GB,United Kingdom
female,Rosie,Kirk,27 Shannon Way,CHILWORTH,,,GU4 8GN,GB,United Kingdom
female,Alice,Robertson,13 Graham Road,CHESTERTON,,,PE7 1XJ,GB,United Kingdom
female,Aimee,Carr,53 Essex Rd,TANTOBIE,,,DH9 5EX,GB,United Kingdom
female,Amber,Franklin,3 Fore St,TROCHRY,,,PH8 7RA,GB,United Kingdom
female,Imogen,Adams,9 Hendford Hill,MUCHRACHD,,,IV4 8BQ,GB,United Kingdom
female,Francesca,Carr,55 Dunmow Road,GREYSTOKE,,,CA11 2WF,GB,United Kingdom
male,Kai,Harris,30 Caerfai Bay Road,TETNEY,,,DN36 6FS,GB,United Kingdom
female,Imogen,Metcalfe,28 Helland Bridge,UPPER GREEN,,,CB11 1TA,GB,United Kingdom
male,Muhammad,Potts,15 Golf Road,SWINSIDE HALL,,,TD8 4HE,GB,United Kingdom
female,Rebecca,Reeves,62 Eastbourne Rd,COLD HESLEDON,,,SR7 5ZY,GB,United Kingdom
male,Lewis,Harvey,10 Felix Lane,SHUTTLEWORTH,,,BL0 2SN,GB,United Kingdom
male,Leon,Austin,33 Argyll Street,STANFORD ON SOAR,,,LE12 5UE,GB,United Kingdom
male,Scott,Welch,5 Ermin Street,WRINGTON,,,BS18 9NF,GB,United Kingdom
female,Maya,Nash,64 Boroughbridge Road,BISHOP'S ITCHINGTON,,,CV33 7RR,GB,United Kingdom
male,Kian,Ahmed,27 Coast Rd,KIRKLEATHAM,,,TS10 6DD,GB,United Kingdom
female,Grace,Hardy,84 Old Chapel Road,GARTNAGRENACH,,,PA29 9SB,GB,United Kingdom
female,Bethany,May,45 Broomfield Place,STONEY CROSS,,,SO43 4YG,GB,United Kingdom
male,Rhys,Bolton,39 Walden Road,GREENDAMS,,,AB31 2BS,GB,United Kingdom
male,Kai,Black,59 Broad Street,LOWESTOFT END,,,NR32 2NU,GB,United Kingdom
female,Olivia,Stewart,90 Wartnaby Road,ADEL,,,LS16 0RP,GB,United Kingdom
male,Finlay,Flynn,14 Red Lane,ERBISTOCK,,,LL13 0ZR,GB,United Kingdom
male,Cameron,Bond,78 Davids Lane,SULHAMSTEAD,,,RG7 9AX,GB,United Kingdom
female,Megan,Mistry,50 Hart Road,NORTHOP,,,CH7 2ZB,GB,United Kingdom
male,Connor,Ross,40 Scotswood Road,HOPTON,,,ST18 2DS,GB,United Kingdom
female,Anna,Rose,72 Castledore Road,TULLOCH,,,IV24 5RB,GB,United Kingdom
male,Corey,Knowles,52 Gordon Terrace,BASHALL TOWN,,,BB7 6ER,GB,United Kingdom
male,Jamie,Lawson,71 Nith Street,GLEASTON,,,LA12 9BX,GB,United Kingdom
male,Leo,Vincent,57 Ash Lane,YOULDON,,,EX22 7LH,GB,United Kingdom
female,Yasmin,Shah,97 East Street,MARK,,,TA9 5RF,GB,United Kingdom
male,Rhys,Cameron,49 Guild Street,LONDON,,,SE19 6XB,GB,United Kingdom
female,Kiera,Hopkins,19 Crescent Avenue,DRUMCHORK,,,IV22 7NW,GB,United Kingdom
female,Elizabeth,Gardner,55 Dunmow Road,GRIMETHORPE,,,S72 9GR,GB,United Kingdom
female,Yasmin,Pritchard,60 Peachfield Road,CEIDIO FAWR,,,LL53 6SY,GB,United Kingdom
female,Jodie,Holmes,98 City Walls Rd,CLOUGH,,,LA10 7ZT,GB,United Kingdom
female,Samantha,Francis,79 Caxton Place,BWLCH-Y-GROES,,,SA35 3GH,GB,United Kingdom
male,Alex,Kent,54 Merthyr Road,BURNHAM-ON-SEA,,,TA8 8NS,GB,United Kingdom
female,Danielle,Gardner,20 Wenlock Terrace,PETERCULTER,,,AB1 4DN,GB,United Kingdom
male,Jacob,Parkinson,68 Newmarket Road,HAYDON BRIDGE,,,NE47 8HS,GB,United Kingdom
male,Dylan,Goodwin,39 Red Lane,EPSOM,,,KT17 1PF,GB,United Kingdom
female,Kate,Slater,55 Great Western Road,LONGROCK,,,TR20 6HQ,GB,United Kingdom
male,Billy,Gibbons,66 Wern Ddu Lane,LULLINGTON,,,DE12 8NN,GB,United Kingdom
female,Hannah,Oliver,76 Greyfriars Road,CAPTON,,,TQ6 9HN,GB,United Kingdom
male,Kian,Lord,62 York Road,OWLSWICK,,,HP27 4AN,GB,United Kingdom
female,Ellie,Clarke,69 Caerfai Bay Road,TERRINGTON,,,YO6 7ED,GB,United Kingdom
female,Sophie,Greenwood,82 Whitchurch Road,ELSTON,,,NG23 0HQ,GB,United Kingdom
female,Chloe,Howard,67 North Road,NETHER ALDERLEY,,,SK10 4DB,GB,United Kingdom
male,Jayden,Mills,16 Abbey Row,NYEWOOD,,,GU31 2WX,GB,United Kingdom
female,Scarlett,Holden,5 Mounthoolie Lane,SUTTON HOLMS,,,BH21 0PJ,GB,United Kingdom
male,Zak,Burgess,15 Boar Lane,SELLS GREEN,,,SN12 7QR,GB,United Kingdom
female,Paige,Skinner,31 Iffley Road,BROADLAY,,,SA17 4ZB,GB,United Kingdom
male,Leo,King,29 Kendell Street,SHEARINGTON,,,DG1 4PE,GB,United Kingdom
male,Adam,Wall,7 Park Row,EDENSOR,,,DE45 2SS,GB,United Kingdom
male,Anthony,Richards,9 Glenurquhart Road,BALIASTA,,,ZE2 2ZT,GB,United Kingdom
male,Ethan,Bolton,10 Friar Street,CLAXBY,,,LN13 6FE,GB,United Kingdom
male,Sam,Daly,59 Ballifeary Road,BALMACNEIL,,,PH9 9RT,GB,United Kingdom
female,Shannon,Stephens,66 Pendwyallt Road,BURTON SALMON,,,LS25 6HS,GB,United Kingdom
female,Shannon,Chapman,55 Exning Road,HARBY,,,NG23 9EF,GB,United Kingdom
male,Christopher,Fletcher,11 Merthyr Road,BURLINGJOBB,,,LD8 5XA,GB,United Kingdom
male,Cameron,Smith,77 Fulford Road,PENSHAW,,,DH4 1HT,GB,United Kingdom
female,Megan,Short,41 Essex Rd,TANSOR,,,PE8 2WS,GB,United Kingdom
female,Katie,Morris,18 Walwyn Rd,CHAPMORE END,,,SG12 6DL,GB,United Kingdom
male,Ryan,West,28 Folkestone Road,WINSLOW,,,MK18 4ER,GB,United Kingdom
female,Chloe,Kerr,66 Souterhead Road,LOW BALLIVAIN,,,PA28 6YD,GB,United Kingdom
male,Louie,Hawkins,36 Hudson St,DUNKESWELL,,,EX14 9NA,GB,United Kingdom
female,Ava,Daly,67 Vicar Lane,SARNAU,,,LL23 1SJ,GB,United Kingdom
female,Yasmin,Simmons,34 Felix Lane,SHORNE RIDGEWAY,,,DA12 0JJ,GB,United Kingdom
female,Yasmin,Sutton,60 Southlands Road,POLDEAN,,,DG10 9EY,GB,United Kingdom
female,Eve,French,72 Hexham Road,IRONSIDE,,,AB53 4NN,GB,United Kingdom
male,Alex,Bruce,16 Victoria Road,LINTON-ON-OUSE,,,YO6 7DU,GB,United Kingdom
female,Alice,Wilson,6 Warner Close,HASSOCKS,,,BN6 3LE,GB,United Kingdom
female,Eleanor,Fitzgerald,71 Park Terrace,GERRANS,,,TR2 4RU,GB,United Kingdom
female,Ruby,Berry,30 London Road,COLNEY HEATH,,,AL4 9XN,GB,United Kingdom
male,Finlay,Sharpe,39 Withers Close,ALLOWAY,,,KA7 2NT,GB,United Kingdom
male,Luca,North,83 Boroughbridge Road,BISHOP'S SUTTON,,,SO24 5BT,GB,United Kingdom
male,Connor,Willis,15 Fore St,TRIANGLE,,,HX6 3DU,GB,United Kingdom
female,Madison,Newman,54 Fordham Rd,HALLRULE,,,TD9 3YL,GB,United Kingdom
male,Adam,Sykes,1 Kent Street,CROSS HILLS,,,BD20 6GJ,GB,United Kingdom
female,Kiera,Cooper,12 Bath Rd,WOLFELEE,,,TD9 0ZH,GB,United Kingdom
female,Hollie,Read,8 Bootham Terrace,RAWCLIFFE,,,YO3 0AG,GB,United Kingdom
male,Ellis,Chapman,73 Seaford Road,CUMLODEN,,,DG8 2HJ,GB,United Kingdom
male,Charlie,Yates,67 Shire Oak Road,SCAGGLETHORPE,,,YO17 9AY,GB,United Kingdom
male,Alex,Austin,67 Ings Lane,DAVIOT,,,IV1 3XT,GB,United Kingdom
female,Kayleigh,Birch,93 Ermin Street,WRENTHAM,,,NR34 2HA,GB,United Kingdom
female,Amber,Lyons,76 Moulton Road,GUNNESS,,,DN15 8RJ,GB,United Kingdom
male,Jude,Griffiths,80 Harehills Lane,RUDDINGTON,,,NG11 1WT,GB,United Kingdom
female,Millie,Leach,49 Henley Road,BOX,,,SN13 7RR,GB,United Kingdom
female,Summer,Herbert,46 Prospect Hill,DRISHAIG,,,PA32 9QQ,GB,United Kingdom
female,Natasha,Short,38 Fore St,TREVETHIN,,,NP4 5LR,GB,United Kingdom
female,Poppy,Hope,44 St Andrews Lane,CWMDU,,,SA19 1JU,GB,United Kingdom
female,Bethany,Rees,14 Dunmow Road,GRIDLEY CORNER,,,PL15 5GX,GB,United Kingdom
male,Taylor,Moore,87 Rhosddu Rd,FINMERE,,,MK18 9AA,GB,United Kingdom
female,Alice,Gibbs,95 Front St,HENLEY,,,IP6 4ZD,GB,United Kingdom
female,Danielle,Sharp,52 Glandovey Terrace,TREOES,,,CF35 1NN,GB,United Kingdom
male,Andrew,Parkin,88 Copthorne Way,CALTON,,,BD23 5FJ,GB,United Kingdom
female,Maya,Porter,26 Jesmond Rd,KILMUN,,,PA23 7TR,GB,United Kingdom
male,Logan,McKenzie,71 Tonbridge Rd,COOKSTON,,,AB41 2WE,GB,United Kingdom
female,Alexandra,Bryant,81 Whatlington Road,COTHERIDGE,,,WR6 5DR,GB,United Kingdom
female,Evie,Frost,38 Fraserburgh Rd,LINNELS,,,NE46 6UP,GB,United Kingdom
female,Charlie,Barlow,70 Tonbridge Rd,CONGERSTONE,,,CV13 7QY,GB,United Kingdom
male,Lucas,Harper,45 Preston Rd,MORNINGTHORPE,,,NR15 6XG,GB,United Kingdom
female,Brooke,Hayes,30 St Denys Road,PRAZE-AN-BEEBLE,,,TR14 3TJ,GB,United Kingdom
male,Billy,Fraser,93 Cefn Road,FARTHINGHOE,,,NN13 9TP,GB,United Kingdom
female,Bethany,Spencer,67 Uxbridge Road,SKIDBROOKE,,,LN11 0YB,GB,United Kingdom
male,Henry,Ellis,71 St Maurices Road,PRICKWILLOW,,,CB7 6XR,GB,United Kingdom
female,Harriet,Stevenson,47 Crescent Avenue,DUCK'S CROSS,,,MK44 7ZN,GB,United Kingdom
male,Louie,Stanley,55 Seafield Place,FOXEARTH,,,CO10 4GF,GB,United Kingdom
female,Sarah,Baxter,30 Consett Rd,HILLEND,,,KY11 9ZX,GB,United Kingdom
female,Jodie,Nicholson,38 Witney Way,KNIPOCH,,,PA34 1TU,GB,United Kingdom
male,Spencer,Hale,89 Nottingham Rd,ABERANGELL,,,SY20 3ZB,GB,United Kingdom
male,Tom,Whittaker,8 Old Edinburgh Road,BELTON,,,NG32 0SB,GB,United Kingdom
male,Bradley,Henderson,73 Colorado Way,RIBY,,,DN37 2XE,GB,United Kingdom
male,Alexander,Connor,15 Preston Rd,MORETON JEFFRIES,,,HR1 0JX,GB,United Kingdom
male,Noah,Dale,98 Guild Street,LONDON,,,EC4R 1ES,GB,United Kingdom
male,Liam,Taylor,36 Golden Knowes Road,FREMINGTON,,,DL11 7XG,GB,United Kingdom
male,Leon,Wheeler,76 Guild Street,LONDON,,,EC1R 7JS,GB,United Kingdom
female,Kiera,Leach,92 Harrogate Road,RUSHDEN,,,SG9 1YA,GB,United Kingdom
female,Jade,Clayton,3 Great North Road,AMBERLEY,,,BN18 7DG,GB,United Kingdom
male,Dylan,Griffin,38 Gloucester Road,CILMERY,,,LD2 2WP,GB,United Kingdom
male,Liam,Vincent,51 Wood Lane,BADLESMERE,,,ME13 5EX,GB,United Kingdom
male,Finley,Watkins,69 Thames Street,BOLTON,,,CA16 8BB,GB,United Kingdom
female,Mollie,Henderson,22 Hudson St,DULNAIN BRIDGE,,,PH26 1AH,GB,United Kingdom
female,Chelsea,Burke,25 Kendell Street,SHEFFORD WOODLANDS,,,RG17 1ZY,GB,United Kingdom
female,Amelia,Hancock,93 Southend Avenue,BLACKTHORN,,,OX6 8NG,GB,United Kingdom
male,Hayden,Mills,88 Caradon Hill,TYNEHEAD,,,EH37 5ZE,GB,United Kingdom
female,Poppy,Norris,72 Fore St,TREWOON,,,PL25 2NH,GB,United Kingdom
female,Jodie,Gibson,89 Russell Rd,SHIPPON,,,OX13 8GQ,GB,United Kingdom
male,Robert,Patel,81 St Omers Road,HOGNASTON,,,DE6 4UT,GB,United Kingdom
female,Summer,Daly,25 Crown Street,LONDON BEACH,,,TN30 7EJ,GB,United Kingdom
female,Olivia,Porter,40 Lincoln Green Lane,CHURCH STREET,,,ME3 8SX,GB,United Kingdom
female,Emma,Pratt,78 Thames Street,BONT DOLGADFAN,,,SY19 0UY,GB,United Kingdom
male,Declan,Kent,50 Leicester Road,AYMESTREY,,,HR6 5SX,GB,United Kingdom
female,Millie,Barker,25 Duckpit Lane,UPTON,,,DN22 8SB,GB,United Kingdom
female,Aimee,Donnelly,8 Russell Rd,SHERIFF HUTTON,,,YO6 2PJ,GB,United Kingdom
female,Libby,Sharpe,74 Moulton Road,GULLANE,,,EH31 6YT,GB,United Kingdom
female,Georgina,Johnston,74 Davids Lane,SUDBOROUGH,,,NN14 1GS,GB,United Kingdom
female,Faith,Bolton,7 Hampton Court Rd,SOUTHWELL,,,DT5 8UG,GB,United Kingdom
female,Naomi,Holland,87 West Lane,DALSKAIRTH,,,DG2 5WP,GB,United Kingdom
female,Alice,Hyde,66 Merthyr Road,BURNESIDE,,,LA9 7AN,GB,United Kingdom
male,Luke,Riley,66 Cloch Rd,ST HILARY,,,TR20 3HT,GB,United Kingdom
male,Archie,Young,88 Essex Rd,TARNBROOK,,,LA2 8YE,GB,United Kingdom
female,Rosie,Macdonald,22 Marlborough Crescent,SOUTH NORMANTON,,,DE55 0ZB,GB,United Kingdom
male,Scott,Cole,21 South Western Terrace,MINIONS,,,PL14 4LX,GB,United Kingdom
female,Lauren,Bibi,21 Great Western Road,LONGBRIDGE DEVERILL,,,BA12 2NN,GB,United Kingdom
male,John,Miller,68 Sloe Lane,CUFFLEY,,,EN6 7NQ,GB,United Kingdom
female,Danielle,Cameron,15 Canterbury Road,VANGE,,,SS16 2JY,GB,United Kingdom
female,Tilly,Dodd,68 Friar Street,CLAYPOLE,,,NG23 1ZQ,GB,United Kingdom
male,Billy,Hargreaves,7 Whatlington Road,COTTON END,,,MK45 4UP,GB,United Kingdom
