[{"states": {"Birth": {"type": "Initial", "direct_transition": "Wait1", "setAttribute": {"HasFirstChild": [{"Value": "False", "DataType": "Boolean", "GivenAttribute": "", "TemplateName": "", "EndPoint": "", "Percentage": "0.4"}, {"Value": "True", "DataType": "Boolean", "GivenAttribute": "", "TemplateName": "", "EndPoint": "", "Percentage": "0.6"}], "Weight": [{"Value": "['3141-9','Weight Measured','27113001','Body weight',randint(54,120),'kg']", "DataType": "Integer", "GivenAttribute": "", "TemplateName": "FHIR_Observation.txt", "EndPoint": "Observation/"}], "Height": [{"Value": "['8302-2','Body height','50373000','Body height',randint(154,204),'cm']", "DataType": "Integer", "GivenAttribute": "", "TemplateName": "FHIR_Observation.txt", "EndPoint": "Observation/"}], "bmi": [{"Value": "['39156-5','Body Mass Index','60621009','Body mass index',person['Weight'][4]/((person['Height'][4]/100)**2),'kg/m2']", "DataType": "Integer", "GivenAttribute": "", "TemplateName": "FHIR_Observation.txt", "EndPoint": "Observation/"}]}}, "GPRefersToHospital": {"type": "Simple", "direct_transition": "Wait2"}, "ArriveHospital": {"type": "Simple", "direct_transition": "Wait3"}, "LookupMedsFromLHCR": {"type": "Simple", "direct_transition": "MedsReconcile"}, "MedsReconcile": {"type": "Simple", "direct_transition": "Wait5"}, "MedsPrescribe": {"type": "Simple", "direct_transition": "Wait6"}, "MedsReconcileForDigcharge": {"type": "Simple", "direct_transition": "Wait7"}, "Discharge": {"type": "Simple", "direct_transition": "Wait8"}, "SendDischarge2GP": {"type": "Simple", "direct_transition": "Wait9"}, "GPMedsReconcile": {"type": "Simple", "direct_transition": "Finish"}, "GPvisit": {"type": "Simple", "direct_transition": "GPRefersToHospital", "setAttribute": {"BloodGlucose": [{"Value": "{'quantity':uniform(3.9, 5.4),'unit':'mmol/l','code': {'coding':[{'system': 'http://snomed.info/sct','code': '1003131000000101','display': 'Serum fasting glucose level'}]},}", "DataType": "Observation", "GivenAttribute": "", "TemplateName": "FHIR_Observation.txt", "EndPoint": "Observation/", "Percentage": "0.6"}], "overweight": [{"Value": "['162863004','Body mass index 25-29 - overweight']", "DataType": "Integer", "GivenAttribute": "person['bmi'][4]>25", "TemplateName": "KAFKA_Condition.txt", "EndPoint": "Condition/"}], "obese": [{"Value": "['414915002','obese']", "DataType": "Integer", "GivenAttribute": "person['bmi'][4]>30", "TemplateName": "KAFKA_Condition.txt", "EndPoint": "Condition/"}]}}, "Wait1": {"type": "Delay", "exact": "{'quantity':randint(56,84),'unit':'days'}", "direct_transition": "GPvisit"}, "Wait2": {"type": "Delay", "exact": "{'quantity':randint(1,20),'unit':'days'}", "direct_transition": "ArriveHospital"}, "Wait3": {"type": "Delay", "exact": "{'quantity':randint(1,20),'unit':'minutes'}", "direct_transition": "LookupMedsFromLHCR"}, "Wait5": {"type": "Delay", "exact": "{'quantity':randint(1,3),'unit':'minutes'}", "direct_transition": "MedsPrescribe"}, "Wait6": {"type": "Delay", "exact": "{'quantity':randint(1,20),'unit':'minutes'}", "direct_transition": "MedsReconcileForDigcharge"}, "Wait7": {"type": "Delay", "exact": "{'quantity':randint(1,20),'unit':'minutes'}", "direct_transition": "Discharge"}, "Wait8": {"type": "Delay", "exact": "{'quantity':randint(1,20),'unit':'minutes'}", "direct_transition": "SendDischarge2GP"}, "Wait9": {"type": "Delay", "exact": "{'quantity':randint(1,5),'unit':'days'}", "direct_transition": "GPMedsReconcile"}, "Finish": {"type": "Terminal"}}}]