[{"states": {"MaybeRecovery": {"type": "Simple", "conditional_transition": [{"operator": "==", "transition": "Recovery", "attribute": "AsthmaSymptoms", "quantity": "False"}, {"operator": "==", "transition": "DetermineAsthmaRelatedDeath", "attribute": "AsthmaSymptoms", "quantity": "True"}]}, "MaybeDie": {"type": "Simple", "conditional_transition": [{"operator": "==", "transition": "AsthmaRelatedDeath", "attribute": "AsthmaDeath", "quantity": "True"}, {"operator": "==", "transition": "SelectSymptom", "attribute": "AsthmaDeath", "quantity": "False"}]}, "SelectSymptom": {"type": "Simple", "conditional_transition": [{"operator": "==", "transition": "SufferingFromMildAsthmaSymptoms", "attribute": "SymptomSeverity", "quantity": "Mild"}, {"operator": "==", "transition": "SufferingFromModerateSymptoms", "attribute": "SymptomSeverity", "quantity": "Moderate"}, {"operator": "==", "transition": "SufferingFromAsthmaAttack", "attribute": "SymptomSeverity", "quantity": "Severe"}, {"operator": "else", "transition": "Recovery"}]}, "DetermineContinuingSymptoms": {"type": "Event", "steps": [{"type": "dmn", "step": "ContinuingSymptoms"}], "direct_transition": "MaybeRecovery"}, "DetermineAsthmaRelatedDeath": {"type": "Event", "steps": [{"type": "dmn", "step": "AsthmaRelatedDeath"}], "direct_transition": "MaybeDie"}, "SymptomsEvent": {"type": "Event", "steps": [{"type": "signal", "step": "SymptomsTriggerEvent"}], "direct_transition": "SelectSymptom"}, "SufferingFromMildAsthmaSymptoms": {"type": "Delay", "exact": "{'quantity':randint(10,60), 'unit':'days'}", "direct_transition": "DetermineContinuingSymptoms"}, "SufferingFromAsthmaAttack": {"type": "Delay", "exact": "{'quantity':randint(300,1800), 'unit':'days'}", "direct_transition": "DetermineContinuingSymptoms"}, "SufferingFromModerateSymptoms": {"type": "Delay", "exact": "{'quantity':randint(30,300), 'unit':'days'}", "direct_transition": "DetermineContinuingSymptoms"}, "Recovery": {"type": "Terminal"}, "AsthmaRelatedDeath": {"type": "Terminal"}}}]