[{"states": {"Start": {"type": "Initial", "direct_transition": "SymptomSelect", "setAttribute": {"MedicationTaken": [{"Value": "0", "DataType": "Integer"}], "StartOfSymptoms": [{"Value": "Current", "DataType": "Datetime"}]}}, "MaybeRecovery": {"type": "Simple", "conditional_transition": [{"operator": "else", "transition": "IntermediateCatchEvent_069ipfl"}, {"operator": "==", "transition": "DetermineAsthmaRelatedDeath", "attribute": "p['AsthmaSymptoms']", "quantity": "True", "expression": "p['AsthmaSymptoms'] == True"}]}, "MaybeDie": {"type": "Simple", "conditional_transition": [{"operator": "==", "transition": "AsthmaRelatedDeath", "attribute": "p['AsthmaDeath']", "quantity": "True", "expression": "p['AsthmaDeath'] == True"}, {"operator": "==", "transition": "SelectSymptom2", "attribute": "p['AsthmaDeath']", "quantity": "False", "expression": "p['AsthmaDeath'] == False"}, {"operator": "else", "transition": "missingValue"}]}, "SelectSymptom2": {"type": "Simple", "conditional_transition": [{"operator": "==", "transition": "MildSymptom", "attribute": "p['SymptomSeverity']", "quantity": "\"Mild\"", "expression": "p['SymptomSeverity']==\"Mild\""}, {"operator": "==", "transition": "ModerateSymptom", "attribute": "p['SymptomSeverity']", "quantity": "\"Moderate\"", "expression": "p['SymptomSeverity']==\"Moderate\""}, {"operator": "==", "transition": "AsthmaAttack", "attribute": "p['SymptomSeverity']", "quantity": "\"Severe\"", "expression": "p['SymptomSeverity']==\"Severe\""}, {"operator": "else", "transition": "IntermediateCatchEvent_069ipfl"}]}, "MildSymptom": {"type": "Simple", "direct_transition": "SufferingFromMildAsthmaSymptoms"}, "ModerateSymptom": {"type": "Simple", "direct_transition": "SufferingFromModerateSymptoms"}, "AsthmaAttack": {"type": "Simple", "direct_transition": "SufferingFromAsthmaAttack"}, "DetermineContinuingSymptoms": {"type": "Event", "steps": [{"type": "dmn", "step": "ContinuingSymptoms"}], "direct_transition": "MaybeRecovery"}, "DetermineAsthmaRelatedDeath": {"type": "Event", "steps": [{"type": "dmn", "step": "AsthmaRelatedDeath"}], "direct_transition": "MaybeDie"}, "SymptomSelect": {"type": "Event", "steps": [{"type": "dmn", "step": "SymptomSelect"}], "direct_transition": "SelectSymptom2"}, "SufferingFromMildAsthmaSymptoms": {"type": "Delay", "exact": "{'quantity':randint(10,60), 'unit':'days'}", "direct_transition": "DetermineContinuingSymptoms"}, "SufferingFromAsthmaAttack": {"type": "Delay", "exact": "{'quantity':randint(300,1800), 'unit':'days'}", "direct_transition": "DetermineContinuingSymptoms"}, "SufferingFromModerateSymptoms": {"type": "Delay", "exact": "{'quantity':randint(30,300), 'unit':'days'}", "direct_transition": "DetermineContinuingSymptoms"}, "IntermediateCatchEvent_069ipfl": {"type": "Delay", "exact": "{'quantity':randint(300,1800), 'unit':'days'}", "direct_transition": "Recovery"}, "Recovery": {"type": "Terminal"}, "AsthmaRelatedDeath": {"type": "Terminal"}, "missingValue": {"type": "Terminal"}}}]