[{"states": {"GpVisit": {"type": "Initial", "steps": [{"type": "signal", "step": "SymptomsRecovery"}], "direct_transition": "JustArrived"}, "JustArrived": {"type": "Simple", "conditional_transition": [{"operator": "else", "transition": "DecideAsthmaDiagnosis"}, {"operator": "==", "transition": "DecideToEditActionPlan", "attribute": "DiagnosedAsthma", "quantity": "true", "expression": "DiagnosedAsthma == true"}]}, "MaybeADiagnosis": {"type": "Simple", "conditional_transition": [{"operator": "==", "transition": "NoAsthmaDiagnosis", "attribute": "DiagnosedAsthma", "quantity": "false", "expression": "DiagnosedAsthma == false"}, {"operator": "else", "transition": "DiagnoseWithAsthma"}]}, "MaybeEditActionPlan": {"type": "Simple", "conditional_transition": [{"operator": "==", "transition": "EndGPVisit", "attribute": "EditPlan", "quantity": "false", "expression": "EditPlan == false"}, {"operator": "else", "transition": "EditAsthmaActionPlan"}]}, "DiagnoseWithAsthma": {"type": "Simple", "direct_transition": "AsthmaConplianceRisk"}, "EditAsthmaActionPlan": {"type": "Simple", "direct_transition": "EndGPVisit"}, "DecideAsthmaDiagnosis": {"type": "Event", "steps": [{"type": "dmn", "step": "DecideAsthmaDiagnosis"}], "direct_transition": "MaybeADiagnosis"}, "AsthmaConplianceRisk": {"type": "Event", "steps": [{"type": "dmn", "step": "AsthmaComplianceRisk"}], "direct_transition": "DecideToEditActionPlan"}, "DecideToEditActionPlan": {"type": "Event", "steps": [{"type": "dmn", "step": "DecideEditActionPlan"}], "direct_transition": "MaybeEditActionPlan"}, "NoAsthmaDiagnosis": {"type": "Terminal"}, "EndGPVisit": {"type": "Terminal"}}}]