[{"nodes": {"IntermittentSeverityTriggerSymptoms": {"repetitionRule": "{'quantity':randint(30,180),'unit':'days'}", "type": "Process", "process": "Signal:SymptomsTriggerEvent", "setAttribute": {"SymptomsSeverity": [{"Value": "Mild", "ExpressionType": "String"}]}}, "IntermittentSeverityTriggerExacerbation": {"repetitionRule": "{'quantity':randint(30,180), 'unit':'days'}", "type": "Process", "process": "Signal:SymptomsTriggerEvent", "setAttribute": {"SymptomsSeverity": [{"Value": "Moderate", "ExpressionType": "String"}]}}, "IntermittentSeverityTriggerAttack": {"repetitionRule": "{'quantity':randint(30,900), 'unit':'days'}", "type": "Process", "process": "Signal:SymptomsTriggerEvent", "setAttribute": {"SymptomsSeverity": [{"Value": "Severe", "ExpressionType": "String"}]}}, "MildSeverityTriggerAttack": {"repetitionRule": "{'quantity':randint(1,360), 'unit':'days'}", "type": "Process", "process": "Signal:SymptomsTriggerEvent", "setAttribute": {"SymptomsSeverity": [{"Value": "Severe", "ExpressionType": "String"}]}}, "ModerateSeverityTriggerAttack": {"repetitionRule": "{'quantity':randint(30,2000), 'unit':'days'}", "type": "Process", "process": "Signal:SymptomsTriggerEvent", "setAttribute": {"SymptomsSeverity": [{"Value": "Severe", "ExpressionType": "String"}]}}, "HighSeverityTriggerAttack": {"repetitionRule": "{'quantity':randint(30,2000), 'unit':'days'}", "type": "Process", "process": "Signal:SymptomsTriggerEvent", "setAttribute": {"SymptomsSeverity": [{"Value": "Severe", "ExpressionType": "String"}]}}, "HighSeverityTriggerExacerbation": {"repetitionRule": "{'quantity':randint(30,2000), 'unit':'days'}", "type": "Process", "process": "Signal:SymptomsTriggerEvent", "setAttribute": {"SymptomsSeverity": [{"Value": "Moderate", "DataType": "String"}]}}, "ModerateSeverityTriggerExacerbation": {"repetitionRule": "{'quantity':randint(30,1000),'unit':'days'}", "type": "Process", "process": "Signal:SymptomsTriggerEvent", "setAttribute": {"SymptomsSeverity": [{"Value": "Moderate", "DataType": "String"}]}}, "MildSeverityTriggerExacerbation": {"repetitionRule": "{'quantity':randint(30,240), 'unit':'days'}", "type": "Process", "process": "Signal:SymptomsTriggerEvent", "setAttribute": {"SymptomsSeverity": [{"Value": "Moderate", "DataType": "String"}]}}, "MildSeverityTriggerSymptoms": {"repetitionRule": "{'quantity':randint(30, 180), 'unit':'days'}", "type": "Process", "process": "Signal:SymptomsTriggerEvent", "setAttribute": {"SymptomsSeverity": [{"Value": "Mild", "DataType": "String"}]}}, "ModerateSeverityTriggerSymptoms": {"repetitionRule": "{'quantity':randint(30, 720), 'unit':'days'}", "type": "Process", "process": "Signal:SymptomsTriggerEvent", "setAttribute": {"SymptomsSeverity": [{"Value": "Mild", "DataType": "String"}]}}, "Sentry_1h8tuwt": {"conditionCriterion": {"operator": "==", "attribute": "Terminal", "quantity": "true"}}, "Sentry_1p8tu0r": {"directTransition": "HighSeverityTriggerExacerbation", "conditionCriterion": {"operator": "==", "attribute": "AsthmaSeverity", "quantity": "Severe"}}, "Sentry_0oroxhn": {"directTransition": "MildSeverityTriggerSymptoms", "conditionCriterion": {"operator": "==", "attribute": "AsthmaSeverity", "quantity": "Mild"}}, "Sentry_1rd2joz": {"directTransition": "ModerateSeverityTriggerSymptoms", "conditionCriterion": {"operator": "==", "attribute": "AsthmaSeverity", "quantity": "Moderate"}}, "Sentry_0w6avj6": {"directTransition": "IntermittentSeverityTriggerSymptoms", "conditionCriterion": {"operator": "==", "attribute": "AsthmaSeverity", "quantity": "Intermittent"}}, "Sentry_005jozd": {"directTransition": "HighSeverityTriggerAttack", "conditionCriterion": {"operator": "==", "attribute": "AsthmaSeverity", "quantity": "Severe"}}, "Sentry_16y0yfj": {"directTransition": "MildSeverityTriggerExacerbation", "conditionCriterion": {"operator": "==", "attribute": "AsthmaSeverity", "quantity": "Mild"}}, "Sentry_1nsap3i": {"directTransition": "MildSeverityTriggerAttack", "conditionCriterion": {"operator": "==", "attribute": "AsthmaSeverity", "quantity": "Mild"}}, "Sentry_1gpr15q": {"directTransition": "ModerateSeverityTriggerAttack", "conditionCriterion": {"operator": "==", "attribute": "AsthmaSeverity", "quantity": "Moderate"}}, "Sentry_1bj38sn": {"directTransition": "ModerateSeverityTriggerExacerbation", "conditionCriterion": {"operator": "==", "attribute": "AsthmaSeverity", "quantity": "Moderate"}}, "Sentry_1jbu61k": {"directTransition": "IntermittentSeverityTriggerExacerbation", "conditionCriterion": {"operator": "==", "attribute": "AsthmaSeverity", "quantity": "Intermittent"}}, "Sentry_1nd45d2": {"directTransition": "IntermittentSeverityTriggerAttack", "conditionCriterion": {"operator": "==", "attribute": "AsthmaSeverity", "quantity": "Intermittent"}}, "TerminalExit": {"type": "Exit", "sentryCriterion": ["Sentry_1h8tuwt"]}}, "startNodes": ["Sentry_1h8tuwt", "Sentry_1p8tu0r", "Sentry_0oroxhn", "Sentry_1rd2joz", "Sentry_0w6avj6", "Sentry_005jozd", "Sentry_16y0yfj", "Sentry_1nsap3i", "Sentry_1gpr15q", "Sentry_1bj38sn", "Sentry_1jbu61k", "Sentry_1nd45d2"], "exits": ["TerminalExit"], "watchAttributes": ["Terminal", "AsthmaSeverity"]}]