[{"states": {"Birth": {"type": "Initial", "direct_transition": "DetermineChildhoodAsthmatic", "setAttribute": {"DiagnosedAsthma": [{"Value": "False", "DataType": "Boolean"}], "AsthmaDeath": [{"Value": "False", "DataType": "Boolean"}]}}, "ExclusiveGateway_1ty9m0d": {"type": "Simple", "conditional_transition": [{"operator": "==", "transition": "TimeTillOnset", "attribute": "p['Asthmatic']", "quantity": "True", "expression": "p['Asthmatic'] == True"}, {"operator": "==", "transition": "NoAsthma", "attribute": "p['Asthmatic']", "quantity": "False", "expression": "p['Asthmatic'] == False"}]}, "CheckAsthmaDeath": {"type": "Simple", "conditional_transition": [{"operator": "else", "transition": "AsthmaSymptoms"}, {"operator": "==", "transition": "Death", "attribute": "p[\"AsthmaDeath\"]", "quantity": "True", "expression": "p[\"AsthmaDeath\"]==True"}]}, "DetermineChildhoodAsthmatic": {"type": "Event", "steps": [{"type": "dmn", "step": "ChildhoodAsthma"}], "direct_transition": "ExclusiveGateway_1ty9m0d"}, "AsthmaSymptoms": {"type": "Event", "steps": [{"type": "sub", "step": "AsthmaSymptoms"}], "direct_transition": "CheckAsthmaDeath", "setAttribute": {"AsthmaRelatedDeathRisk": {"AsthmaSeverity": {"Intermittent": [{"Value": "False", "DataType": "Boolean"}], "Low": [{"Value": "False", "DataType": "Boolean"}], "Moderate": [{"Value": "False", "DataType": "Boolean"}], "High": [{"Value": "True", "DataType": "Boolean", "Percentage": "0.1"}, {"Value": "False", "DataType": "Boolean", "Percentage": "0.9"}]}}}}, "TimeTillOnset": {"type": "Delay", "exact": "{'quantity':randint(1,3650),'unit':'days'}", "direct_transition": "AsthmaSymptoms"}, "NoAsthma": {"type": "Terminal"}, "Death": {"type": "Terminal"}}}]