[{"states": {"Birth": {"type": "Initial", "direct_transition": "CheckFemale"}, "CheckFemale": {"type": "Simple", "conditional_transition": [{"operator": "==", "transition": "WaitForChildBearingAge", "attribute": "p['Gender']", "quantity": "\"Female\"", "expression": "p['Gender'] == \"Female\""}, {"operator": "==", "transition": "NoPregnancy", "attribute": "p['Gender']", "quantity": "\"Male\"", "expression": "p['Gender'] == \"Male\""}, {"operator": "else", "transition": "MissingGender"}]}, "CheckConception": {"type": "Simple", "conditional_transition": [{"operator": "==", "transition": "NoPregnancy", "attribute": "p[\"NoMorePregnancy\"]", "quantity": "True", "expression": "p[\"NoMorePregnancy\"]==True"}, {"operator": "==", "transition": "WaitForConception", "attribute": "p[\"NoMorePregnancy\"]", "quantity": "False", "expression": "p[\"NoMorePregnancy\"]==False"}, {"operator": "else", "transition": "MissingPregnancyDecision"}]}, "Conceive": {"type": "Simple", "direct_transition": "WaitForMissedPeriod"}, "DecideConceptionWait": {"type": "Event", "steps": [{"type": "dmn", "step": "DecideNextPregnancy"}], "direct_transition": "CheckConception"}, "MissedPeriod": {"type": "Event", "steps": [{"type": "signalThrow", "step": "MissedPeriod"}], "direct_transition": "WaitForDelivery"}, "Delivery": {"type": "Event", "steps": [{"type": "signalThrow", "step": "Delivery"}], "direct_transition": "DecideConceptionWait"}, "WaitForChildBearingAge": {"type": "Delay", "exact": "{'quantity':17, 'unit':'years'}", "direct_transition": "DecideConceptionWait"}, "WaitForConception": {"type": "Delay", "exact": "{'quantity':24, 'unit':'months'}", "direct_transition": "Conceive"}, "WaitForMissedPeriod": {"type": "Delay", "exact": "{'quantity':14, 'unit':\"days\"}", "direct_transition": "MissedPeriod"}, "WaitForDelivery": {"type": "Delay", "exact": "{'quantity':255, 'unit':'days'}", "direct_transition": "Delivery"}, "NoPregnancy": {"type": "Terminal"}, "MissingGender": {"type": "Terminal"}, "MissingPregnancyDecision": {"type": "Terminal"}}}]