[{"states": {"Birth": {"type": "Initial", "direct_transition": "WaitTill5"}, "StartSchool": {"type": "Event", "steps": [{"type": "signalThrow", "step": "StartSchool"}], "direct_transition": "InEducation"}, "TImerTillStartOfSchoolYear": {"type": "Delay", "guard": {"year": "*", "month": "09", "day": "01", "hour": "*", "minute": "*", "second": "*"}, "direct_transition": "StartSchool"}, "InEducation": {"type": "Delay", "exact": {"quantity": "130", "unit": "months"}, "direct_transition": "EndEducation"}, "WaitTill5": {"type": "Delay", "exact": {"quantity": "5", "unit": "years"}, "direct_transition": "TImerTillStartOfSchoolYear"}, "EndEducation": {"type": "Terminal"}}}]