[{"states": {"Birth": {"type": "Initial", "direct_transition": "GenderDecision", "setAttribute": {"HasFirstChild": [{"Value": "False", "ExpressionType": "Boolean", "GivenAttribute": "", "TemplateName": "", "EndPoint": "", "Percentage": "0.4"}, {"Value": "True", "ExpressionType": "Boolean", "GivenAttribute": "", "TemplateName": "", "EndPoint": "", "Percentage": "0.6"}], "Weight": [{"Value": "['3141-9','Weight Measured','27113001','Body weight',randint(54,120),'kg']", "ExpressionType": "Integer", "GivenAttribute": "", "TemplateName": "KAFKA_Patient.txt", "EndPoint": "Observation/"}], "Height": [{"Value": "['8302-2','Body height','50373000','Body height',randint(154,204),'cm']", "DataType": "Integer", "GivenAttribute": "", "TemplateName": "KAFKA_Patient.txt", "EndPoint": "Observation/"}], "bmi": [{"Value": "['39156-5','Body Mass Index','60621009','Body mass index',person['Weight'][4]/((person['Height'][4]/100)**2),'kg/m2']", "DataType": "Integer", "GivenAttribute": "", "TemplateName": "KAFKA_Patient.txt", "EndPoint": "Observation/"}], "HistoryGestationalDiabetes": [{"Value": "['472971004','History of gestational diabetes mellitus']", "DataType": "Integer", "GivenAttribute": "", "TemplateName": "KAFKA_Patient.txt", "EndPoint": "Condition/", "Percentage": "0.2"}], "FamilyHistoryDiabetes": [{"Value": "['430679000','Family history of diabetes mellitus type 2']", "DataType": "Integer", "GivenAttribute": "", "TemplateName": "KAFKA_Patient.txt", "EndPoint": "Condition/", "Percentage": "0.2"}]}}, "GenderDecision": {"type": "Simple", "conditional_transition": [{"operator": "==", "transition": "Male", "attribute": "p['Gender']", "quantity": "'Male'", "expression": "p['Gender'] == 'Male'"}, {"operator": "==", "transition": "Wait4Conception", "attribute": "p['Gender']", "quantity": "'Female'", "expression": "p['Gender'] == 'Female'"}]}, "CheckHasOneChild": {"type": "Simple", "conditional_transition": [{"operator": "==", "transition": "ConceiveFirstChild", "attribute": "p['HasFirstChild']", "quantity": "True", "expression": "p['HasFirstChild'] == True"}, {"operator": "==", "transition": "Childless", "attribute": "p['HasFirstChild']", "quantity": "False", "expression": "p['HasFirstChild'] == False"}]}, "GPvisit": {"type": "Simple", "direct_transition": "Wait2SeeMidwife", "setAttribute": {"BloodGlucose": [{"Value": "{'quantity':uniform(3.9, 5.4),'unit':'mmol/l','code': {'coding':[{'system': 'http://snomed.info/sct','code': '1003131000000101','display': 'Serum fasting glucose level'}]},}", "DataType": "Observation", "GivenAttribute": "", "TemplateName": "KAFKA_Patient.txt", "EndPoint": "Observation/", "Percentage": "0.6"}], "overweight": [{"Value": "['162863004','Body mass index 25-29 - overweight']", "DataType": "Integer", "GivenAttribute": "person['bmi'][4]>25", "TemplateName": "KAFKA_Patient.txt", "EndPoint": "Condition/"}], "obese": [{"Value": "['414915002','obese']", "DataType": "Integer", "GivenAttribute": "person['bmi'][4]>30", "TemplateName": "KAFKA_Patient.txt", "EndPoint": "Condition/"}]}}, "FirstAntenatal": {"type": "Simple", "direct_transition": "Finish"}, "ConceiveFirstChild": {"type": "Event", "steps": [{"type": "dmn", "step": "ChildGender"}], "direct_transition": "WaitToSeeGP"}, "Wait4Conception": {"type": "Delay", "exact": "{'quantity':randint(7000,16000),'unit':'days'}", "direct_transition": "CheckHasOneChild"}, "WaitToSeeGP": {"type": "Delay", "exact": "{'quantity':randint(56,84),'unit':'days'}", "direct_transition": "GPvisit"}, "Wait2SeeMidwife": {"type": "Delay", "exact": "{'quantity':randint(112,140),'unit':'days'}", "direct_transition": "FirstAntenatal"}, "Childless": {"type": "Terminal"}, "Finish": {"type": "Terminal"}, "Male": {"type": "Terminal"}}}]