[{"states": {"Birth": {"type": "Initial", "direct_transition": "Wait1", "setAttribute": {"HistoryGestationalDiabetes": [{"Value": "['472971004','History of gestational diabetes mellitus']", "DataType": "Integer", "GivenAttribute": "", "TemplateName": "KAFKA_Patient.txt", "EndPoint": "Condition/", "Percentage": "0.2"}], "FamilyHistoryDiabetes": [{"Value": "['430679000','Family history of diabetes mellitus type 2']", "DataType": "Integer", "GivenAttribute": "", "TemplateName": "KAFKA_Patient.txt", "EndPoint": "Condition/", "Percentage": "0.2"}]}}, "GPRefersToHospital": {"type": "Simple", "direct_transition": "Wait2"}, "ParrkVisit": {"type": "Simple", "direct_transition": "Wait3"}, "LookupMedsFromLHCR": {"type": "Simple", "direct_transition": "MedsReconcile"}, "MedsReconcile": {"type": "Simple", "direct_transition": "Wait5"}, "MedsPrescribe": {"type": "Simple", "direct_transition": "Wait6"}, "MedsReconcileForDigcharge": {"type": "Simple", "direct_transition": "Wait7"}, "Discharge": {"type": "Simple", "direct_transition": "Wait8"}, "SendDischarge2GP": {"type": "Simple", "direct_transition": "Wait9"}, "GPMedsReconcile": {"type": "Simple", "direct_transition": "Finish"}, "GPvisit": {"type": "Simple", "direct_transition": "GPRefersToHospital"}, "Wait1": {"type": "Delay", "exact": "{'quantity':randint(56,84),'unit':'days'}", "direct_transition": "GPvisit"}, "Wait2": {"type": "Delay", "exact": "{'quantity':randint(1,20),'unit':'days'}", "direct_transition": "ParrkVisit"}, "Wait3": {"type": "Delay", "exact": "{'quantity':randint(1,20),'unit':'minutes'}", "direct_transition": "LookupMedsFromLHCR"}, "Wait5": {"type": "Delay", "exact": "{'quantity':randint(1,3),'unit':'minutes'}", "direct_transition": "MedsPrescribe"}, "Wait6": {"type": "Delay", "exact": "{'quantity':randint(1,20),'unit':'minutes'}", "direct_transition": "MedsReconcileForDigcharge"}, "Wait7": {"type": "Delay", "exact": "{'quantity':randint(1,20),'unit':'minutes'}", "direct_transition": "Discharge"}, "Wait8": {"type": "Delay", "exact": "{'quantity':randint(1,20),'unit':'minutes'}", "direct_transition": "SendDischarge2GP"}, "Wait9": {"type": "Delay", "exact": "{'quantity':randint(1,5),'unit':'days'}", "direct_transition": "GPMedsReconcile"}, "Finish": {"type": "Terminal"}}}]