[{"states": {"Birth": {"type": "Initial", "direct_transition": "DetermineLifeExpectancy"}, "SplitDeathWithinYear": {"type": "Simple", "conditional_transition": [{"operator": "==", "transition": "TimerTillDeath", "attribute": "DeathWithinYear", "quantity": "true"}, {"operator": "==", "transition": "TimerTillReassessment", "attribute": "DeathWithinYear", "quantity": "false"}]}, "DetermineLifeExpectancy": {"type": "Event", "steps": [{"type": "dmn", "step": "LifeExpectancy"}], "direct_transition": "SplitDeathWithinYear"}, "TimerTillDeath": {"type": "Delay", "range": {"low": "0", "high": "1", "unit": "years"}, "direct_transition": "Death"}, "TimerTillReassessment": {"type": "Delay", "exact": {"quantity": "1", "unit": "years"}, "direct_transition": "DetermineLifeExpectancy"}, "AsthmaRelatedDeath": {"type": "Event", "steps": [{"type": "signal", "step": "Death"}], "direct_transition": "Death"}, "Death": {"type": "Terminal"}}}]