[{"states": {"StartEvent_1": {"type": "Initial", "direct_transition": "Task_050iapr"}, "ExclusiveGateway_1v5808r": {"type": "Simple", "direct_transition": "Task_014grsp"}, "Task_0p5iic7": {"type": "Simple", "direct_transition": "EndFollowUp"}, "Task_050iapr": {"type": "Event", "direct_transition": "ExclusiveGateway_1v5808r"}, "Task_014grsp": {"type": "Event", "direct_transition": "Task_0p5iic7"}, "GPVisit": {"type": "Event", "steps": [{"type": "sub", "step": "AsthmaGPVisit"}], "direct_transition": "EndFollowUp"}, "IntermediateThrowEvent_0t9qyzu": {"type": "Delay", "exact": {"quantity": 1, "unit": "seconds"}, "direct_transition": "GPVisit"}, "EndFollowUp": {"type": "Terminal"}}}]