[{"states": {"SymptomsStart": {"type": "Initial", "steps": [{"type": "signal", "step": "SymptomsTriggerEvent"}], "direct_transition": "ExclusiveGateway_0dgn8cq", "setAttribute": {"PatientAlone": [{"Value": "TRUE", "Percentage": "0.2"}, {"Value": "FALSE", "Percentage": "0.8"}]}}, "ExclusiveGateway_0dgn8cq": {"type": "Simple", "direct_transition": "Task_0r1ufwk", "distributed_transition": [{"distribution": "80", "transition": "Task_1d0hegn"}]}, "ExclusiveGateway_0eni01j": {"type": "Simple", "direct_transition": "Task_11ooibb"}, "ExclusiveGateway_198vfpc": {"type": "Simple", "direct_transition": "EndEvent_0khbkbg"}, "ExclusiveGateway_12eb4qn": {"type": "Simple", "conditional_transition": [{"operator": "==", "transition": "SeekAdultHelp", "attribute": "SymptomReaction", "quantity": "Seek Adult"}, {"operator": "else", "transition": "ExclusiveGateway_0eni01j"}]}, "ExclusiveGateway_121mo8x": {"type": "Simple", "direct_transition": "Task_0r1ufwk"}, "ExclusiveGateway_1mt4x3l": {"type": "Simple", "direct_transition": "IntermediateCatchEvent_0wyt0wt"}, "Task_1b97o6i": {"type": "Simple", "direct_transition": "ExclusiveGateway_1mt4x3l"}, "Task_0tzq22j": {"type": "Simple", "direct_transition": "IntermediateThrowEvent_1858alr"}, "Task_11ooibb": {"type": "Simple", "direct_transition": "ExclusiveGateway_1mt4x3l"}, "SeekAdultHelp": {"type": "Simple", "direct_transition": "IntermediateThrowEvent_1vkqtq9", "setAttribute": {"TimeToHelp": [{"Value": "[0..1]Minutes", "Percentage": "0.5"}, {"Value": "[1..5]Minutes", "Percentage": "0.3"}, {"Value": "[5..15]Minutes", "Percentage": "0.15"}, {"Value": "[15..30]Minutes", "Percentage": "0.5"}], "PatientAlone": [{"Value": "FALSE"}]}}, "Task_0r1ufwk": {"type": "Event", "direct_transition": "ExclusiveGateway_12eb4qn"}, "Task_1d0hegn": {"type": "Event", "direct_transition": "ExclusiveGateway_0eni01j"}, "IntermediateThrowEvent_1858alr": {"type": "Delay", "exact": {"quantity": 1, "unit": "seconds"}, "direct_transition": "EndEvent_1jsx9wo"}, "IntermediateThrowEvent_1vkqtq9": {"type": "Delay", "exact": {"qualtity": "1", "unit": "minutes"}, "direct_transition": "ExclusiveGateway_198vfpc"}, "IntermediateCatchEvent_0eqro6e": {"type": "Delay", "range": {"low": "10", "high": "60", "unit": "minutes"}, "direct_transition": "ExclusiveGateway_198vfpc"}, "IntermediateCatchEvent_0x95zr8": {"type": "Delay", "exact": {"quantity": 1, "unit": "seconds"}, "direct_transition": "ExclusiveGateway_198vfpc"}, "IntermediateCatchEvent_0wyt0wt": {"type": "Delay", "exact": {"quantity": 1, "unit": "seconds"}, "direct_transition": "ExclusiveGateway_198vfpc"}, "IntermediateThrowEvent_1j9x8u7": {"type": "Delay", "exact": {"quantity": 1, "unit": "seconds"}, "direct_transition": "Task_0tzq22j"}, "EndEvent_0khbkbg": {"type": "Terminal"}, "EndEvent_1jsx9wo": {"type": "Terminal", "signal": "SymptomsFollowUp"}}}]